driverId,code,forename,surname,dob,nationality,url
1,HAM,Lewis,Hamilton,7/1/1985,British,http://en.wikipedia.org/wiki/Lewis_Hamilton
2,HEI,Nick,Heidfeld,10/5/1977,German,http://en.wikipedia.org/wiki/Nick_Heidfeld
3,ROS,Nico,Rosberg,27/6/1985,German,http://en.wikipedia.org/wiki/Nico_Rosberg
4,ALO,Fernando,Alonso,29/7/1981,Spanish,http://en.wikipedia.org/wiki/Fernando_Alonso
5,KOV,Heikki,Kovalainen,19/10/1981,Finnish,http://en.wikipedia.org/wiki/Heikki_Kovalainen
6,NAK,Kazuki,Nakajima,11/1/1985,Japanese,http://en.wikipedia.org/wiki/Kazuki_Nakajima
7,BOU,Sébastien,Bourdais,28/2/1979,French,http://en.wikipedia.org/wiki/S%C3%A9bastien_Bourdais
8,RAI,Kimi,Räikkönen,17/10/1979,Finnish,http://en.wikipedia.org/wiki/Kimi_R%C3%A4ikk%C3%B6nen
9,KUB,Robert,Kubica,7/12/1984,Polish,http://en.wikipedia.org/wiki/Robert_Kubica
10,GLO,Timo,Glock,18/3/1982,German,http://en.wikipedia.org/wiki/Timo_Glock
11,SAT,Takuma,Sato,28/1/1977,Japanese,http://en.wikipedia.org/wiki/Takuma_Sato
12,PIQ,Nelson,Piquet Jr.,25/7/1985,Brazilian,"http://en.wikipedia.org/wiki/Nelson_Piquet,_Jr."
13,MAS,Felipe,Massa,25/4/1981,Brazilian,http://en.wikipedia.org/wiki/Felipe_Massa
14,COU,David,Coulthard,27/3/1971,British,http://en.wikipedia.org/wiki/David_Coulthard
15,TRU,Jarno,Trulli,13/7/1974,Italian,http://en.wikipedia.org/wiki/Jarno_Trulli
16,SUT,Adrian,Sutil,11/1/1983,German,http://en.wikipedia.org/wiki/Adrian_Sutil
17,WEB,Mark,Webber,27/8/1976,Australian,http://en.wikipedia.org/wiki/Mark_Webber_(racing_driver)
18,BUT,Jenson,Button,19/1/1980,British,http://en.wikipedia.org/wiki/Jenson_Button
19,DAV,Anthony,Davidson,18/4/1979,British,http://en.wikipedia.org/wiki/Anthony_Davidson
20,VET,Sebastian,Vettel,3/7/1987,German,http://en.wikipedia.org/wiki/Sebastian_Vettel
21,FIS,Giancarlo,Fisichella,14/1/1973,Italian,http://en.wikipedia.org/wiki/Giancarlo_Fisichella
22,BAR,Rubens,Barrichello,23/5/1972,Brazilian,http://en.wikipedia.org/wiki/Rubens_Barrichello
23,SCH,Ralf,Schumacher,30/6/1975,German,http://en.wikipedia.org/wiki/Ralf_Schumacher
24,LIU,Vitantonio,Liuzzi,6/8/1980,Italian,http://en.wikipedia.org/wiki/Vitantonio_Liuzzi
25,WUR,Alexander,Wurz,15/2/1974,Austrian,http://en.wikipedia.org/wiki/Alexander_Wurz
26,SPE,Scott,Speed,24/1/1983,American,http://en.wikipedia.org/wiki/Scott_Speed
27,ALB,Christijan,Albers,16/4/1979,Dutch,http://en.wikipedia.org/wiki/Christijan_Albers
28,WIN,Markus,Winkelhock,13/6/1980,German,http://en.wikipedia.org/wiki/Markus_Winkelhock
29,YAM,Sakon,Yamamoto,9/7/1982,Japanese,http://en.wikipedia.org/wiki/Sakon_Yamamoto
30,MSC,Michael,Schumacher,3/1/1969,German,http://en.wikipedia.org/wiki/Michael_Schumacher
31,MON,Juan,Pablo Montoya,20/9/1975,Colombian,http://en.wikipedia.org/wiki/Juan_Pablo_Montoya
32,KLI,Christian,Klien,7/2/1983,Austrian,http://en.wikipedia.org/wiki/Christian_Klien
33,TMO,Tiago,Monteiro,24/7/1976,Portuguese,http://en.wikipedia.org/wiki/Tiago_Monteiro
34,IDE,Yuji,Ide,21/1/1975,Japanese,http://en.wikipedia.org/wiki/Yuji_Ide
35,VIL,Jacques,Villeneuve,9/4/1971,Canadian,http://en.wikipedia.org/wiki/Jacques_Villeneuve
36,FMO,Franck,Montagny,5/1/1978,French,http://en.wikipedia.org/wiki/Franck_Montagny
37,DLR,Pedro,de la Rosa,24/2/1971,Spanish,http://en.wikipedia.org/wiki/Pedro_de_la_Rosa
38,DOO,Robert,Doornbos,23/9/1981,Dutch,http://en.wikipedia.org/wiki/Robert_Doornbos
39,KAR,Narain,Karthikeyan,14/1/1977,Indian,http://en.wikipedia.org/wiki/Narain_Karthikeyan
40,FRI,Patrick,Friesacher,26/9/1980,Austrian,http://en.wikipedia.org/wiki/Patrick_Friesacher
41,ZON,Ricardo,Zonta,23/3/1976,Brazilian,http://en.wikipedia.org/wiki/Ricardo_Zonta
42,PIZ,Antônio,Pizzonia,11/9/1980,Brazilian,http://en.wikipedia.org/wiki/Ant%C3%B4nio_Pizzonia
43,\N,Cristiano,da Matta,19/9/1973,Brazilian,http://en.wikipedia.org/wiki/Cristiano_da_Matta
44,\N,Olivier,Panis,2/9/1966,French,http://en.wikipedia.org/wiki/Olivier_Panis
45,\N,Giorgio,Pantano,4/2/1979,Italian,http://en.wikipedia.org/wiki/Giorgio_Pantano
46,\N,Gianmaria,Bruni,30/5/1981,Italian,http://en.wikipedia.org/wiki/Gianmaria_Bruni
47,\N,Zsolt,Baumgartner,1/1/1981,Hungarian,http://en.wikipedia.org/wiki/Zsolt_Baumgartner
48,\N,Marc,Gené,29/3/1974,Spanish,http://en.wikipedia.org/wiki/Marc_Gen%C3%A9
49,\N,Heinz-Harald,Frentzen,18/5/1967,German,http://en.wikipedia.org/wiki/Heinz-Harald_Frentzen
50,\N,Jos,Verstappen,4/3/1972,Dutch,http://en.wikipedia.org/wiki/Jos_Verstappen
51,\N,Justin,Wilson,31/7/1978,British,http://en.wikipedia.org/wiki/Justin_Wilson_(racing_driver)
52,\N,Ralph,Firman,20/5/1975,Irish,http://en.wikipedia.org/wiki/Ralph_Firman
53,\N,Nicolas,Kiesa,3/3/1978,Danish,http://en.wikipedia.org/wiki/Nicolas_Kiesa
54,\N,Luciano,Burti,5/3/1975,Brazilian,http://en.wikipedia.org/wiki/Luciano_Burti
55,\N,Jean,Alesi,11/6/1964,French,http://en.wikipedia.org/wiki/Jean_Alesi
56,\N,Eddie,Irvine,10/11/1965,British,http://en.wikipedia.org/wiki/Eddie_Irvine
57,\N,Mika,Häkkinen,28/9/1968,Finnish,http://en.wikipedia.org/wiki/Mika_H%C3%A4kkinen
58,\N,Tarso,Marques,19/1/1976,Brazilian,http://en.wikipedia.org/wiki/Tarso_Marques
59,\N,Enrique,Bernoldi,19/10/1978,Brazilian,http://en.wikipedia.org/wiki/Enrique_Bernoldi
60,\N,Gastón,Mazzacane,8/5/1975,Argentine,http://en.wikipedia.org/wiki/Gast%C3%B3n_Mazzacane
61,\N,Tomáš,Enge,11/9/1976,Czech,http://en.wikipedia.org/wiki/Tom%C3%A1%C5%A1_Enge
62,\N,Alex,Yoong,20/7/1976,Malaysian,http://en.wikipedia.org/wiki/Alex_Yoong
63,\N,Mika,Salo,30/11/1966,Finnish,http://en.wikipedia.org/wiki/Mika_Salo
64,\N,Pedro,Diniz,22/5/1970,Brazilian,http://en.wikipedia.org/wiki/Pedro_Diniz
65,\N,Johnny,Herbert,25/6/1964,British,http://en.wikipedia.org/wiki/Johnny_Herbert
66,\N,Allan,McNish,29/12/1969,British,http://en.wikipedia.org/wiki/Allan_McNish
67,BUE,Sébastien,Buemi,31/10/1988,Swiss,http://en.wikipedia.org/wiki/S%C3%A9bastien_Buemi
68,\N,Toranosuke,Takagi,12/2/1974,Japanese,http://en.wikipedia.org/wiki/Toranosuke_Takagi
69,BAD,Luca,Badoer,25/1/1971,Italian,http://en.wikipedia.org/wiki/Luca_Badoer
70,\N,Alessandro,Zanardi,23/10/1966,Italian,http://en.wikipedia.org/wiki/Alex_Zanardi
71,\N,Damon,Hill,17/9/1960,British,http://en.wikipedia.org/wiki/Damon_Hill
72,\N,Stéphane,Sarrazin,2/11/1975,French,http://en.wikipedia.org/wiki/St%C3%A9phane_Sarrazin
73,\N,Ricardo,Rosset,27/7/1968,Brazilian,http://en.wikipedia.org/wiki/Ricardo_Rosset
74,\N,Esteban,Tuero,22/4/1978,Argentine,http://en.wikipedia.org/wiki/Esteban_Tuero
75,\N,Shinji,Nakano,1/4/1971,Japanese,http://en.wikipedia.org/wiki/Shinji_Nakano
76,MAG,Jan,Magnussen,4/7/1973,Danish,http://en.wikipedia.org/wiki/Jan_Magnussen
77,\N,Gerhard,Berger,27/8/1959,Austrian,http://en.wikipedia.org/wiki/Gerhard_Berger
78,\N,Nicola,Larini,19/3/1964,Italian,http://en.wikipedia.org/wiki/Nicola_Larini
79,\N,Ukyo,Katayama,29/5/1963,Japanese,http://en.wikipedia.org/wiki/Ukyo_Katayama
80,\N,Vincenzo,Sospiri,7/10/1966,Italian,http://en.wikipedia.org/wiki/Vincenzo_Sospiri
81,\N,Gianni,Morbidelli,13/1/1968,Italian,http://en.wikipedia.org/wiki/Gianni_Morbidelli
82,\N,Norberto,Fontana,20/1/1975,Argentine,http://en.wikipedia.org/wiki/Norberto_Fontana
83,\N,Pedro,Lamy,20/3/1972,Portuguese,http://en.wikipedia.org/wiki/Pedro_Lamy
84,\N,Martin,Brundle,1/6/1959,British,http://en.wikipedia.org/wiki/Martin_Brundle
85,\N,Andrea,Montermini,30/5/1964,Italian,http://en.wikipedia.org/wiki/Andrea_Montermini
86,\N,Giovanni,Lavaggi,18/2/1958,Italian,http://en.wikipedia.org/wiki/Giovanni_Lavaggi
87,\N,Mark,Blundell,8/4/1966,British,http://en.wikipedia.org/wiki/Mark_Blundell
88,\N,Aguri,Suzuki,8/9/1960,Japanese,http://en.wikipedia.org/wiki/Aguri_Suzuki
89,\N,Taki,Inoue,5/9/1963,Japanese,http://en.wikipedia.org/wiki/Taki_Inoue
90,\N,Roberto,Moreno,11/2/1959,Brazilian,http://en.wikipedia.org/wiki/Roberto_Moreno
91,\N,Karl,Wendlinger,20/12/1968,Austrian,http://en.wikipedia.org/wiki/Karl_Wendlinger
92,\N,Bertrand,Gachot,23/12/1962,Belgian,http://en.wikipedia.org/wiki/Bertrand_Gachot
93,\N,Domenico,Schiattarella,17/11/1967,Italian,http://en.wikipedia.org/wiki/Domenico_Schiattarella
94,\N,Pierluigi,Martini,23/4/1961,Italian,http://en.wikipedia.org/wiki/Pierluigi_Martini
95,\N,Nigel,Mansell,8/8/1953,British,http://en.wikipedia.org/wiki/Nigel_Mansell
96,\N,Jean-Christophe,Boullion,27/12/1969,French,http://en.wikipedia.org/wiki/Jean-Christophe_Boullion
97,\N,Massimiliano,Papis,3/10/1969,Italian,http://en.wikipedia.org/wiki/Massimiliano_Papis
98,\N,Jean-Denis,Délétraz,1/10/1963,Swiss,http://en.wikipedia.org/wiki/Jean-Denis_Deletraz
99,\N,Gabriele,Tarquini,2/3/1962,Italian,http://en.wikipedia.org/wiki/Gabriele_Tarquini
100,\N,Érik,Comas,28/9/1963,French,http://en.wikipedia.org/wiki/%C3%89rik_Comas
101,\N,David,Brabham,5/9/1965,Australian,http://en.wikipedia.org/wiki/David_Brabham
102,\N,Ayrton,Senna,21/3/1960,Brazilian,http://en.wikipedia.org/wiki/Ayrton_Senna
103,\N,Éric,Bernard,24/8/1964,French,http://en.wikipedia.org/wiki/%C3%89ric_Bernard
104,\N,Christian,Fittipaldi,18/1/1971,Brazilian,http://en.wikipedia.org/wiki/Christian_Fittipaldi
105,\N,Michele,Alboreto,23/12/1956,Italian,http://en.wikipedia.org/wiki/Michele_Alboreto
106,\N,Olivier,Beretta,23/11/1969,Monegasque,http://en.wikipedia.org/wiki/Olivier_Beretta
107,\N,Roland,Ratzenberger,4/7/1960,Austrian,http://en.wikipedia.org/wiki/Roland_Ratzenberger
108,\N,Paul,Belmondo,23/4/1963,French,http://en.wikipedia.org/wiki/Paul_Belmondo
109,\N,Jyrki,Järvilehto,31/1/1966,Finnish,http://en.wikipedia.org/wiki/Jyrki_J%C3%A4rvilehto
110,\N,Andrea,de Cesaris,31/5/1959,Italian,http://en.wikipedia.org/wiki/Andrea_de_Cesaris
111,\N,Jean-Marc,Gounon,1/1/1963,French,http://en.wikipedia.org/wiki/Jean-Marc_Gounon
112,\N,Philippe,Alliot,27/7/1954,French,http://en.wikipedia.org/wiki/Philippe_Alliot
113,\N,Philippe,Adams,19/11/1969,Belgian,http://en.wikipedia.org/wiki/Philippe_Adams
114,\N,Yannick,Dalmas,28/7/1961,French,http://en.wikipedia.org/wiki/Yannick_Dalmas
115,\N,Hideki,Noda,7/3/1969,Japanese,http://en.wikipedia.org/wiki/Hideki_Noda
116,\N,Franck,Lagorce,1/9/1968,French,http://en.wikipedia.org/wiki/Franck_Lagorce
117,\N,Alain,Prost,24/2/1955,French,http://en.wikipedia.org/wiki/Alain_Prost
118,\N,Derek,Warwick,27/8/1954,British,http://en.wikipedia.org/wiki/Derek_Warwick
119,\N,Riccardo,Patrese,17/4/1954,Italian,http://en.wikipedia.org/wiki/Riccardo_Patrese
120,\N,Fabrizio,Barbazza,2/4/1963,Italian,http://en.wikipedia.org/wiki/Fabrizio_Barbazza
121,\N,Michael,Andretti,5/10/1962,American,http://en.wikipedia.org/wiki/Michael_Andretti
122,\N,Ivan,Capelli,24/5/1963,Italian,http://en.wikipedia.org/wiki/Ivan_Capelli
123,\N,Thierry,Boutsen,13/7/1957,Belgian,http://en.wikipedia.org/wiki/Thierry_Boutsen
124,\N,Marco,Apicella,7/10/1965,Italian,http://en.wikipedia.org/wiki/Marco_Apicella
125,\N,Emanuele,Naspetti,24/2/1968,Italian,http://en.wikipedia.org/wiki/Emanuele_Naspetti
126,\N,Toshio,Suzuki,10/3/1955,Japanese,http://en.wikipedia.org/wiki/Toshio_Suzuki_(driver)
127,\N,Maurício,Gugelmin,20/4/1963,Brazilian,http://en.wikipedia.org/wiki/Maur%C3%ADcio_Gugelmin
128,\N,Eric,van de Poele,30/9/1961,Belgian,http://en.wikipedia.org/wiki/Eric_van_de_Poele
129,\N,Olivier,Grouillard,2/9/1958,French,http://en.wikipedia.org/wiki/Olivier_Grouillard
130,\N,Andrea,Chiesa,6/5/1964,Swiss,http://en.wikipedia.org/wiki/Andrea_Chiesa
131,\N,Stefano,Modena,12/5/1963,Italian,http://en.wikipedia.org/wiki/Stefano_Modena
132,\N,Giovanna,Amati,20/7/1959,Italian,http://en.wikipedia.org/wiki/Giovanna_Amati
133,\N,Alex,Caffi,18/3/1964,Italian,http://en.wikipedia.org/wiki/Alex_Caffi
134,\N,Enrico,Bertaggia,19/9/1964,Italian,http://en.wikipedia.org/wiki/Enrico_Bertaggia
135,\N,Perry,McCarthy,3/3/1961,British,http://en.wikipedia.org/wiki/Perry_McCarthy
136,\N,Jan,Lammers,2/6/1956,Dutch,http://en.wikipedia.org/wiki/Jan_Lammers
137,\N,Nelson,Piquet,17/8/1952,Brazilian,http://en.wikipedia.org/wiki/Nelson_Piquet
138,\N,Satoru,Nakajima,23/2/1953,Japanese,http://en.wikipedia.org/wiki/Satoru_Nakajima
139,\N,Emanuele,Pirro,12/1/1962,Italian,http://en.wikipedia.org/wiki/Emanuele_Pirro
140,\N,Stefan,Johansson,8/9/1956,Swedish,http://en.wikipedia.org/wiki/Stefan_Johansson
141,\N,Julian,Bailey,9/10/1961,British,http://en.wikipedia.org/wiki/Julian_Bailey
142,\N,Pedro,Chaves,27/2/1965,Portuguese,http://en.wikipedia.org/wiki/Pedro_Chaves
143,\N,Michael,Bartels,8/3/1968,German,http://en.wikipedia.org/wiki/Michael_Bartels
144,\N,Naoki,Hattori,13/6/1966,Japanese,http://en.wikipedia.org/wiki/Naoki_Hattori
145,\N,Alessandro,Nannini,7/7/1959,Italian,http://en.wikipedia.org/wiki/Alessandro_Nannini
146,\N,Bernd,Schneider,20/7/1964,German,http://en.wikipedia.org/wiki/Bernd_Schneider_(racecar_driver)
147,\N,Paolo,Barilla,20/4/1961,Italian,http://en.wikipedia.org/wiki/Paolo_Barilla
148,\N,Gregor,Foitek,27/3/1965,Swiss,http://en.wikipedia.org/wiki/Gregor_Foitek
149,\N,Claudio,Langes,20/7/1960,Italian,http://en.wikipedia.org/wiki/Claudio_Langes
150,\N,Gary,Brabham,29/3/1961,Australian,http://en.wikipedia.org/wiki/Gary_Brabham
151,\N,Martin,Donnelly,26/3/1964,British,http://en.wikipedia.org/wiki/Martin_Donnelly_(racing_driver)
152,\N,Bruno,Giacomelli,10/9/1952,Italian,http://en.wikipedia.org/wiki/Bruno_Giacomelli
153,ALG,Jaime,Alguersuari,23/3/1990,Spanish,http://en.wikipedia.org/wiki/Jaime_Alguersuari
154,GRO,Romain,Grosjean,17/4/1986,French,http://en.wikipedia.org/wiki/Romain_Grosjean
155,KOB,Kamui,Kobayashi,13/9/1986,Japanese,http://en.wikipedia.org/wiki/Kamui_Kobayashi
156,\N,Jonathan,Palmer,7/11/1956,British,http://en.wikipedia.org/wiki/Jonathan_Palmer
157,\N,Christian,Danner,4/4/1958,German,http://en.wikipedia.org/wiki/Christian_Danner
158,\N,Eddie,Cheever,10/1/1958,American,http://en.wikipedia.org/wiki/Eddie_Cheever
159,\N,Luis,Pérez-Sala,15/5/1959,Spanish,http://en.wikipedia.org/wiki/Luis_Perez-Sala
160,\N,Piercarlo,Ghinzani,16/1/1952,Italian,http://en.wikipedia.org/wiki/Piercarlo_Ghinzani
161,\N,Volker,Weidler,18/3/1962,German,http://en.wikipedia.org/wiki/Volker_Weidler
162,\N,Pierre-Henri,Raphanel,27/5/1961,French,http://en.wikipedia.org/wiki/Pierre-Henri_Raphanel
163,\N,René,Arnoux,4/7/1948,French,http://en.wikipedia.org/wiki/Ren%C3%A9_Arnoux
164,\N,Joachim,Winkelhock,24/10/1960,German,http://en.wikipedia.org/wiki/Joachim_Winkelhock
165,\N,Oscar,Larrauri,19/8/1954,Argentine,http://en.wikipedia.org/wiki/Oscar_Larrauri
166,\N,Philippe,Streiff,26/6/1955,French,http://en.wikipedia.org/wiki/Philippe_Streiff
167,\N,Adrián,Campos,17/6/1960,Spanish,http://en.wikipedia.org/wiki/Adri%C3%A1n_Campos
168,\N,Jean-Louis,Schlesser,12/9/1948,French,http://en.wikipedia.org/wiki/Jean-Louis_Schlesser
169,\N,Pascal,Fabre,9/1/1960,French,http://en.wikipedia.org/wiki/Pascal_Fabre
170,\N,Teo,Fabi,9/3/1955,Italian,http://en.wikipedia.org/wiki/Teo_Fabi
171,\N,Franco,Forini,22/9/1958,Swiss,http://en.wikipedia.org/wiki/Franco_Forini
172,\N,Jacques,Laffite,21/11/1943,French,http://en.wikipedia.org/wiki/Jacques_Laffite
173,\N,Elio,de Angelis,26/3/1958,Italian,http://en.wikipedia.org/wiki/Elio_de_Angelis
174,\N,Johnny,Dumfries,26/4/1958,British,http://en.wikipedia.org/wiki/Johnny_Dumfries
175,\N,Patrick,Tambay,25/6/1949,French,http://en.wikipedia.org/wiki/Patrick_Tambay
176,\N,Marc,Surer,18/9/1951,Swiss,http://en.wikipedia.org/wiki/Marc_Surer
177,\N,Keke,Rosberg,6/12/1948,Finnish,http://en.wikipedia.org/wiki/Keke_Rosberg
178,\N,Alan,Jones,2/11/1946,Australian,http://en.wikipedia.org/wiki/Alan_Jones_(Formula_1)
179,\N,Huub,Rothengatter,8/10/1954,Dutch,http://en.wikipedia.org/wiki/Huub_Rothengatter
180,\N,Allen,Berg,1/8/1961,Canadian,http://en.wikipedia.org/wiki/Allen_Berg
181,\N,Manfred,Winkelhock,6/10/1951,German,http://en.wikipedia.org/wiki/Manfred_Winkelhock
182,\N,Niki,Lauda,22/2/1949,Austrian,http://en.wikipedia.org/wiki/Niki_Lauda
183,\N,François,Hesnault,30/12/1956,French,http://en.wikipedia.org/wiki/Fran%C3%A7ois_Hesnault
184,\N,Mauro,Baldi,31/1/1954,Italian,http://en.wikipedia.org/wiki/Mauro_Baldi
185,\N,Stefan,Bellof,20/11/1957,German,http://en.wikipedia.org/wiki/Stefan_Bellof
186,\N,Kenny,Acheson,27/11/1957,British,http://en.wikipedia.org/wiki/Kenny_Acheson
187,\N,John,Watson,4/5/1946,British,http://en.wikipedia.org/wiki/John_Watson_(racing_driver)
188,\N,Johnny,Cecotto,25/1/1956,Venezuelan,http://en.wikipedia.org/wiki/Johnny_Cecotto
189,\N,Jo,Gartner,24/1/1954,Austrian,http://en.wikipedia.org/wiki/Jo_Gartner
190,\N,Corrado,Fabi,12/4/1961,Italian,http://en.wikipedia.org/wiki/Corrado_Fabi
191,\N,Mike,Thackwell,30/3/1961,New Zealander,http://en.wikipedia.org/wiki/Mike_Thackwell
192,\N,Chico,Serra,3/2/1957,Brazilian,http://en.wikipedia.org/wiki/Chico_Serra
193,\N,Danny,Sullivan,9/3/1950,American,http://en.wikipedia.org/wiki/Danny_Sullivan
194,\N,Eliseo,Salazar,14/11/1954,Chilean,http://en.wikipedia.org/wiki/Eliseo_Salazar
195,\N,Roberto,Guerrero,16/11/1958,Colombian,http://en.wikipedia.org/wiki/Roberto_Guerrero
196,\N,Raul,Boesel,4/12/1957,Brazilian,http://en.wikipedia.org/wiki/Raul_Boesel
197,\N,Jean-Pierre,Jarier,10/7/1946,French,http://en.wikipedia.org/wiki/Jean-Pierre_Jarier
198,\N,Jacques,Villeneuve Sr.,4/11/1953,Canadian,http://en.wikipedia.org/wiki/Jacques_Villeneuve_(elder)
199,\N,Carlos,Reutemann,12/4/1942,Argentine,http://en.wikipedia.org/wiki/Carlos_Reutemann
200,\N,Jochen,Mass,30/9/1946,German,http://en.wikipedia.org/wiki/Jochen_Mass
201,\N,Slim,Borgudd,25/11/1946,Swedish,http://en.wikipedia.org/wiki/Slim_Borgudd
202,\N,Didier,Pironi,26/3/1952,French,http://en.wikipedia.org/wiki/Didier_Pironi
203,\N,Gilles,Villeneuve,18/1/1950,Canadian,http://en.wikipedia.org/wiki/Gilles_Villeneuve
204,\N,Riccardo,Paletti,15/6/1958,Italian,http://en.wikipedia.org/wiki/Riccardo_Paletti
205,\N,Brian,Henton,19/9/1946,British,http://en.wikipedia.org/wiki/Brian_Henton
206,\N,Derek,Daly,11/3/1953,Irish,http://en.wikipedia.org/wiki/Derek_Daly
207,\N,Mario,Andretti,28/2/1940,American,http://en.wikipedia.org/wiki/Mario_Andretti
208,\N,Emilio,de Villota,26/7/1946,Spanish,http://en.wikipedia.org/wiki/Emilio_de_Villota
209,\N,Geoff,Lees,1/5/1951,British,http://en.wikipedia.org/wiki/Geoff_Lees
210,\N,Tommy,Byrne,6/5/1958,Irish,http://en.wikipedia.org/wiki/Tommy_Byrne_%28racing_driver%29
211,\N,Rupert,Keegan,26/2/1955,British,http://en.wikipedia.org/wiki/Rupert_Keegan
212,\N,Hector,Rebaque,5/2/1956,Mexican,http://en.wikipedia.org/wiki/Hector_Rebaque
213,\N,Beppe,Gabbiani,2/1/1957,Italian,http://en.wikipedia.org/wiki/Beppe_Gabbiani
214,\N,Kevin,Cogan,31/3/1956,American,http://en.wikipedia.org/wiki/Kevin_Cogan
215,\N,Miguel Ángel,Guerra,31/8/1953,Argentine,http://en.wikipedia.org/wiki/Miguel_Angel_Guerra
216,\N,Siegfried,Stohr,10/10/1952,Italian,http://en.wikipedia.org/wiki/Siegfried_Stohr
217,\N,Ricardo,Zunino,13/4/1949,Argentine,http://en.wikipedia.org/wiki/Ricardo_Zunino
218,\N,Ricardo,Londoño,8/8/1949,Colombian,http://en.wikipedia.org/wiki/Ricardo_Londo%C3%B1o
219,\N,Jean-Pierre,Jabouille,1/10/1942,French,http://en.wikipedia.org/wiki/Jean-Pierre_Jabouille
220,\N,Giorgio,Francia,8/11/1947,Italian,http://en.wikipedia.org/wiki/Giorgio_Francia
221,\N,Patrick,Depailler,9/8/1944,French,http://en.wikipedia.org/wiki/Patrick_Depailler
222,\N,Jody,Scheckter,29/1/1950,South African,http://en.wikipedia.org/wiki/Jody_Scheckter
223,\N,Clay,Regazzoni,5/9/1939,Swiss,http://en.wikipedia.org/wiki/Clay_Regazzoni
224,\N,Emerson,Fittipaldi,12/12/1946,Brazilian,http://en.wikipedia.org/wiki/Emerson_Fittipaldi
225,\N,Dave,Kennedy,15/1/1953,Irish,http://en.wikipedia.org/wiki/David_Kennedy_(racing_driver)
226,\N,Stephen,South,19/2/1952,British,http://en.wikipedia.org/wiki/Stephen_South
227,\N,Tiff,Needell,29/10/1951,British,http://en.wikipedia.org/wiki/Tiff_Needell
228,\N,Desiré,Wilson,26/11/1953,South African,http://en.wikipedia.org/wiki/Desir%C3%A9_Wilson
229,\N,Harald,Ertl,31/8/1948,Austrian,http://en.wikipedia.org/wiki/Harald_Ertl
230,\N,Vittorio,Brambilla,11/11/1937,Italian,http://en.wikipedia.org/wiki/Vittorio_Brambilla
231,\N,James,Hunt,29/8/1947,British,http://en.wikipedia.org/wiki/James_Hunt
232,\N,Arturo,Merzario,11/3/1943,Italian,http://en.wikipedia.org/wiki/Arturo_Merzario
233,\N,Hans-Joachim,Stuck,1/1/1951,German,http://en.wikipedia.org/wiki/Hans_Joachim_Stuck
234,\N,Gianfranco,Brancatelli,18/1/1950,Italian,http://en.wikipedia.org/wiki/Gianfranco_Brancatelli
235,\N,Jacky,Ickx,1/1/1945,Belgian,http://en.wikipedia.org/wiki/Jacky_Ickx
236,\N,Patrick,Gaillard,12/2/1952,French,http://en.wikipedia.org/wiki/Patrick_Gaillard
237,\N,Alex,Ribeiro,7/11/1948,Brazilian,http://en.wikipedia.org/wiki/Alex_Ribeiro
238,\N,Ronnie,Peterson,14/2/1944,Swedish,http://en.wikipedia.org/wiki/Ronnie_Peterson
239,\N,Brett,Lunger,14/11/1945,American,http://en.wikipedia.org/wiki/Brett_Lunger
240,\N,Danny,Ongais,21/5/1942,American,http://en.wikipedia.org/wiki/Danny_Ongais
241,\N,Lamberto,Leoni,24/5/1953,Italian,http://en.wikipedia.org/wiki/Lamberto_Leoni
242,\N,Divina,Galica,13/8/1944,British,http://en.wikipedia.org/wiki/Divina_Galica
243,\N,Rolf,Stommelen,11/7/1943,German,http://en.wikipedia.org/wiki/Rolf_Stommelen
244,\N,Alberto,Colombo,23/2/1946,Italian,http://en.wikipedia.org/wiki/Alberto_Colombo
245,\N,Tony,Trimmer,24/1/1943,British,http://en.wikipedia.org/wiki/Tony_Trimmer
246,\N,Hans,Binder,12/6/1948,Austrian,http://en.wikipedia.org/wiki/Hans_Binder
247,\N,Michael,Bleekemolen,2/10/1949,Dutch,http://en.wikipedia.org/wiki/Michael_Bleekemolen
248,\N,Carlo,Franchi,1/1/1938,Italian,http://en.wikipedia.org/wiki/Gimax
249,\N,Bobby,Rahal,10/1/1953,American,http://en.wikipedia.org/wiki/Bobby_Rahal
250,\N,Carlos,Pace,6/10/1944,Brazilian,http://en.wikipedia.org/wiki/Carlos_Pace
251,\N,Ian,Scheckter,22/8/1947,South African,http://en.wikipedia.org/wiki/Ian_Scheckter
252,\N,Tom,Pryce,11/6/1949,British,http://en.wikipedia.org/wiki/Tom_Pryce
253,\N,Ingo,Hoffmann,28/2/1953,Brazilian,http://en.wikipedia.org/wiki/Ingo_Hoffmann
254,\N,Renzo,Zorzi,12/12/1946,Italian,http://en.wikipedia.org/wiki/Renzo_Zorzi
255,\N,Gunnar,Nilsson,20/11/1948,Swedish,http://en.wikipedia.org/wiki/Gunnar_Nilsson
256,\N,Larry,Perkins,18/3/1950,Australian,http://en.wikipedia.org/wiki/Larry_Perkins
257,\N,Boy,Lunger,3/5/1949,Dutch,http://en.wikipedia.org/wiki/Boy_Hayje
258,\N,Patrick,Nève,13/10/1949,Belgian,http://en.wikipedia.org/wiki/Patrick_Neve
259,\N,David,Purley,26/1/1945,British,http://en.wikipedia.org/wiki/David_Purley
260,\N,Conny,Andersson,28/12/1939,Swedish,http://en.wikipedia.org/wiki/Conny_Andersson_(racing_driver)
261,\N,Bernard,de Dryver,19/9/1952,Belgian,http://en.wikipedia.org/wiki/Bernard_de_Dryver
262,\N,Jackie,Oliver,14/8/1942,British,http://en.wikipedia.org/wiki/Jackie_Oliver
263,\N,Mikko,Kozarowitzky,17/5/1948,Finnish,http://en.wikipedia.org/wiki/Mikko_Kozarowitzky
264,\N,Andy,Sutcliffe,9/5/1947,British,http://en.wikipedia.org/wiki/Andy_Sutcliffe
265,\N,Guy,Edwards,30/12/1942,British,http://en.wikipedia.org/wiki/Guy_Edwards
266,\N,Brian,McGuire,13/12/1945,Australian,http://en.wikipedia.org/wiki/Brian_McGuire
267,\N,Vern,Schuppan,19/3/1943,Australian,http://en.wikipedia.org/wiki/Vern_Schuppan
268,\N,Hans,Heyer,16/3/1943,German,http://en.wikipedia.org/wiki/Hans_Heyer
269,\N,Teddy,Pilette,26/7/1942,Belgian,http://en.wikipedia.org/wiki/Teddy_Pilette
270,\N,Ian,Ashley,26/10/1947,British,http://en.wikipedia.org/wiki/Ian_Ashley
271,\N,Loris,Kessel,1/4/1950,Swiss,http://en.wikipedia.org/wiki/Loris_Kessel
272,\N,Kunimitsu,Takahashi,29/1/1940,Japanese,http://en.wikipedia.org/wiki/Kunimitsu_Takahashi
273,\N,Kazuyoshi,Hoshino,1/7/1947,Japanese,http://en.wikipedia.org/wiki/Kazuyoshi_Hoshino
274,\N,Noritake,Takahara,6/6/1951,Japanese,http://en.wikipedia.org/wiki/Noritake_Takahara
275,\N,Lella,Lombardi,26/3/1941,Italian,http://en.wikipedia.org/wiki/Lella_Lombardi
276,\N,Bob,Evans,11/6/1947,British,http://en.wikipedia.org/wiki/Bob_Evans_(race_driver)
277,\N,Michel,Leclère,18/3/1946,French,http://en.wikipedia.org/wiki/Michel_Lecl%C3%A8re
278,\N,Chris,Amon,20/7/1943,New Zealander,http://en.wikipedia.org/wiki/Chris_Amon
279,\N,Emilio,Zapico,27/5/1944,Spanish,http://en.wikipedia.org/wiki/Emilio_Zapico
280,\N,Henri,Pescarolo,25/9/1942,French,http://en.wikipedia.org/wiki/Henri_Pescarolo
281,\N,Jac,Nelleman,19/4/1944,Danish,http://en.wikipedia.org/wiki/Jac_Nelleman
282,\N,Damien,Magee,17/11/1945,British,http://en.wikipedia.org/wiki/Damien_Magee
283,\N,Mike,Wilds,7/1/1946,British,http://en.wikipedia.org/wiki/Mike_Wilds
284,\N,Alessandro,Pesenti-Rossi,31/8/1942,Italian,http://en.wikipedia.org/wiki/Alessandro_Pesenti-Rossi
285,\N,Otto,Stuppacher,3/3/1947,Austrian,http://en.wikipedia.org/wiki/Otto_Stuppacher
286,\N,Warwick,Brown,24/12/1949,Australian,http://en.wikipedia.org/wiki/Warwick_Brown
287,\N,Masahiro,Hasemi,13/11/1945,Japanese,http://en.wikipedia.org/wiki/Masahiro_Hasemi
288,\N,Mark,Donohue,18/3/1937,American,http://en.wikipedia.org/wiki/Mark_Donohue
289,\N,Graham,Hill,15/2/1929,British,http://en.wikipedia.org/wiki/Graham_Hill
290,\N,Wilson,Fittipaldi,25/12/1943,Brazilian,http://en.wikipedia.org/wiki/Wilson_Fittipaldi
291,\N,Guy,Tunmer,1/12/1948,South African,http://en.wikipedia.org/wiki/Guy_Tunmer
292,\N,Eddie,Keizan,12/9/1944,South African,http://en.wikipedia.org/wiki/Eddie_Keizan
293,\N,Dave,Charlton,27/10/1936,South African,http://en.wikipedia.org/wiki/Dave_Charlton
294,\N,Tony,Brise,28/3/1952,British,http://en.wikipedia.org/wiki/Tony_Brise
295,\N,Roelof,Wunderink,12/12/1948,Dutch,http://en.wikipedia.org/wiki/Roelof_Wunderink
296,\N,François,Migault,4/12/1944,French,http://en.wikipedia.org/wiki/Fran%C3%A7ois_Migault
297,\N,Torsten,Palm,23/7/1947,Swedish,http://en.wikipedia.org/wiki/Torsten_Palm
298,\N,Gijs,van Lennep,16/3/1942,Dutch,http://en.wikipedia.org/wiki/Gijs_Van_Lennep
299,\N,Hiroshi,Fushida,10/3/1946,Japanese,http://en.wikipedia.org/wiki/Hiroshi_Fushida
300,\N,John,Nicholson,6/10/1941,New Zealander,http://en.wikipedia.org/wiki/John_Nicholson_(racing_driver)
301,\N,Dave,Morgan,7/8/1944,British,http://en.wikipedia.org/wiki/Dave_Morgan_(racing_driver)
302,\N,Jim,Crawford,13/2/1948,British,http://en.wikipedia.org/wiki/Jim_Crawford_(driver)
303,\N,Jo,Vonlanthen,31/5/1942,Swiss,http://en.wikipedia.org/wiki/Jo_Vonlanthen
304,\N,Denny,Hulme,18/6/1936,New Zealander,http://en.wikipedia.org/wiki/Denny_Hulme
305,\N,Mike,Hailwood,2/4/1940,British,http://en.wikipedia.org/wiki/Mike_Hailwood
306,\N,Jean-Pierre,Beltoise,26/4/1937,French,http://en.wikipedia.org/wiki/Jean-Pierre_Beltoise
307,\N,Howden,Ganley,24/12/1941,New Zealander,http://en.wikipedia.org/wiki/Howden_Ganley
308,\N,Richard,Robarts,22/9/1944,British,http://en.wikipedia.org/wiki/Richard_Robarts
309,\N,Peter,Revson,27/2/1939,American,http://en.wikipedia.org/wiki/Peter_Revson
310,\N,Paddy,Driver,13/5/1934,South African,http://en.wikipedia.org/wiki/Paddy_Driver
311,\N,Tom,Belsø,27/8/1942,Danish,http://en.wikipedia.org/wiki/Tom_Bels%C3%B8
312,\N,Brian,Redman,9/3/1937,British,http://en.wikipedia.org/wiki/Brian_Redman
313,\N,Rikky,von Opel,14/10/1947,Liechtensteiner,http://en.wikipedia.org/wiki/Rikky_von_Opel
314,\N,Tim,Schenken,26/9/1943,Australian,http://en.wikipedia.org/wiki/Tim_Schenken
315,\N,Gérard,Larrousse,23/5/1940,French,http://en.wikipedia.org/wiki/G%C3%A9rard_Larrousse
316,\N,Leo,Kinnunen,5/8/1943,Finnish,http://en.wikipedia.org/wiki/Leo_Kinnunen
317,\N,Reine,Wisell,30/9/1941,Swedish,http://en.wikipedia.org/wiki/Reine_Wisell
318,\N,Bertil,Roos,12/10/1943,Swedish,http://en.wikipedia.org/wiki/Bertil_Roos
319,\N,José,Dolhem,26/4/1944,French,http://en.wikipedia.org/wiki/Jos%C3%A9_Dolhem
320,\N,Peter,Gethin,21/2/1940,British,http://en.wikipedia.org/wiki/Peter_Gethin
321,\N,Derek,Bell,31/10/1941,British,http://en.wikipedia.org/wiki/Derek_Bell_(auto_racer)
322,\N,David,Hobbs,9/6/1939,British,http://en.wikipedia.org/wiki/David_Hobbs_(racing_driver)
323,\N,Dieter,Quester,30/5/1939,Austrian,http://en.wikipedia.org/wiki/Dieter_Quester
324,\N,Helmuth,Koinigg,3/11/1948,Austrian,http://en.wikipedia.org/wiki/Helmuth_Koinigg
325,\N,Carlo,Facetti,26/6/1935,Italian,http://en.wikipedia.org/wiki/Carlo_Facetti
326,\N,Eppie,Wietzes,28/5/1938,Canadian,http://en.wikipedia.org/wiki/Eppie_Wietzes
327,\N,François,Cevert,25/2/1944,French,http://en.wikipedia.org/wiki/Fran%C3%A7ois_Cevert
328,\N,Jackie,Stewart,11/6/1939,British,http://en.wikipedia.org/wiki/Jackie_Stewart
329,\N,Mike,Beuttler,13/4/1940,British,http://en.wikipedia.org/wiki/Mike_Beuttler
330,\N,Nanni,Galli,2/10/1940,Italian,http://en.wikipedia.org/wiki/Nanni_Galli
331,\N,Luiz,Bueno,16/1/1937,Brazilian,http://en.wikipedia.org/wiki/Luiz_Bueno
332,\N,George,Follmer,27/1/1934,American,http://en.wikipedia.org/wiki/George_Follmer
333,\N,Andrea,de Adamich,3/10/1941,Italian,http://en.wikipedia.org/wiki/Andrea_de_Adamich
334,\N,Jackie,Pretorius,22/11/1934,South African,http://en.wikipedia.org/wiki/Jackie_Pretorius
335,\N,Roger,Williamson,2/2/1948,British,http://en.wikipedia.org/wiki/Roger_Williamson
336,\N,Graham,McRae,5/3/1940,New Zealander,http://en.wikipedia.org/wiki/Graham_McRae
337,\N,Helmut,Marko,27/4/1943,Austrian,http://en.wikipedia.org/wiki/Helmut_Marko
338,\N,David,Walker,10/6/1941,Australian,http://en.wikipedia.org/wiki/David_Walker_(racing_driver)
339,\N,Alex,Soler-Roig,29/10/1932,Spanish,http://en.wikipedia.org/wiki/Alex_Soler-Roig
340,\N,John,Love,7/12/1924,Rhodesian,http://en.wikipedia.org/wiki/John_Love_(racing_driver)
341,\N,John,Surtees,11/2/1934,British,http://en.wikipedia.org/wiki/John_Surtees
342,\N,Skip,Barber,16/11/1936,American,http://en.wikipedia.org/wiki/Skip_Barber
343,\N,Bill,Brack,26/12/1935,Canadian,http://en.wikipedia.org/wiki/Bill_Brack
344,\N,Sam,Posey,26/5/1944,American,http://en.wikipedia.org/wiki/Sam_Posey
345,\N,Pedro,Rodríguez,18/1/1940,Mexican,http://en.wikipedia.org/wiki/Pedro_Rodr%C3%ADguez_(racing_driver)
346,\N,Jo,Siffert,7/7/1936,Swiss,http://en.wikipedia.org/wiki/Jo_Siffert
347,\N,Jo,Bonnier,31/1/1930,Swedish,http://en.wikipedia.org/wiki/Joakim_Bonnier
348,\N,François,Mazet,24/2/1943,French,http://en.wikipedia.org/wiki/Fran%C3%A7ois_Mazet
349,\N,Max,Jean,27/7/1943,French,http://en.wikipedia.org/wiki/Max_Jean
350,\N,Vic,Elford,10/6/1935,British,http://en.wikipedia.org/wiki/Vic_Elford
351,\N,Silvio,Moser,24/4/1941,Swiss,http://en.wikipedia.org/wiki/Silvio_Moser
352,\N,George,Eaton,12/11/1945,Canadian,http://en.wikipedia.org/wiki/George_Eaton
353,\N,Pete,Lovely,11/4/1926,American,http://en.wikipedia.org/wiki/Pete_Lovely
354,\N,Chris,Craft,17/11/1939,British,http://en.wikipedia.org/wiki/Chris_Craft_(racing_driver)
355,\N,John,Cannon,21/6/1933,Canadian,http://en.wikipedia.org/wiki/John_Cannon_(auto_racer)
356,\N,Jack,Brabham,2/4/1926,Australian,http://en.wikipedia.org/wiki/Jack_Brabham
357,\N,John,Miles,14/6/1943,British,http://en.wikipedia.org/wiki/John_Miles_(auto_racer)
358,\N,Jochen,Rindt,18/4/1942,Austrian,http://en.wikipedia.org/wiki/Jochen_Rindt
359,\N,Johnny,Servoz-Gavin,18/1/1942,French,http://en.wikipedia.org/wiki/Johnny_Servoz-Gavin
360,\N,Bruce,McLaren,30/8/1937,New Zealander,http://en.wikipedia.org/wiki/Bruce_McLaren
361,\N,Piers,Courage,27/5/1942,British,http://en.wikipedia.org/wiki/Piers_Courage
362,\N,Peter,de Klerk,16/3/1935,South African,http://en.wikipedia.org/wiki/Peter_de_Klerk
363,\N,Ignazio,Giunti,30/8/1941,Italian,http://en.wikipedia.org/wiki/Ignazio_Giunti
364,\N,Dan,Gurney,13/4/1931,American,http://en.wikipedia.org/wiki/Dan_Gurney
365,\N,Hubert,Hahne,28/3/1935,German,http://en.wikipedia.org/wiki/Hubert_Hahne
366,\N,Gus,Hutchison,26/4/1937,American,http://en.wikipedia.org/wiki/Gus_Hutchison
367,\N,Peter,Westbury,26/5/1938,British,http://en.wikipedia.org/wiki/Peter_Westbury
368,\N,Sam,Tingle,24/8/1921,Rhodesian,http://en.wikipedia.org/wiki/Sam_Tingle
369,\N,Basil,van Rooyen,19/4/1939,South African,http://en.wikipedia.org/wiki/Basil_van_Rooyen
370,\N,Richard,Attwood,4/4/1940,British,http://en.wikipedia.org/wiki/Richard_Attwood
371,\N,Al,Pease,15/10/1921,Canadian,http://en.wikipedia.org/wiki/Al_Pease
372,\N,John,Cordts,23/7/1935,Canadian,http://en.wikipedia.org/wiki/John_Cordts
373,\N,Jim,Clark,4/3/1936,British,http://en.wikipedia.org/wiki/Jim_Clark
374,\N,Mike,Spence,30/12/1936,British,http://en.wikipedia.org/wiki/Mike_Spence
375,\N,Ludovico,Scarfiotti,18/10/1933,Italian,http://en.wikipedia.org/wiki/Ludovico_Scarfiotti
376,BIA,Lucien,Bianchi,10/11/1934,Belgian,http://en.wikipedia.org/wiki/Lucien_Bianchi
377,\N,Jo,Schlesser,18/5/1928,French,http://en.wikipedia.org/wiki/Jo_Schlesser
378,\N,Robin,Widdows,27/5/1942,British,http://en.wikipedia.org/wiki/Robin_Widdows
379,\N,Kurt,Ahrens,19/4/1940,German,"http://en.wikipedia.org/wiki/Kurt_Ahrens,_Jr."
380,\N,Frank,Gardner,1/10/1930,Australian,http://en.wikipedia.org/wiki/Frank_Gardner_(driver)
381,\N,Bobby,Unser,20/2/1934,American,http://en.wikipedia.org/wiki/Bobby_Unser
382,\N,Moisés,Solana,26/12/1935,Mexican,http://en.wikipedia.org/wiki/Mois%C3%A9s_Solana
383,\N,Bob,Anderson,19/5/1931,British,http://en.wikipedia.org/wiki/Bob_Anderson_(racing_driver)
384,\N,Luki,Botha,16/1/1930,South African,http://en.wikipedia.org/wiki/Luki_Botha
385,\N,Lorenzo,Bandini,21/12/1935,Italian,http://en.wikipedia.org/wiki/Lorenzo_Bandini
386,\N,Richie,Ginther,5/8/1930,American,http://en.wikipedia.org/wiki/Richie_Ginther
387,\N,Mike,Parkes,24/9/1931,British,http://en.wikipedia.org/wiki/Mike_Parkes
388,\N,Chris,Irwin,27/6/1942,British,http://en.wikipedia.org/wiki/Chris_Irwin
389,\N,Guy,Ligier,12/7/1930,French,http://en.wikipedia.org/wiki/Guy_Ligier
390,\N,Alan,Rees,12/1/1938,British,http://en.wikipedia.org/wiki/Alan_Rees_(racing_driver)
391,\N,Brian,Hart,7/9/1936,British,http://en.wikipedia.org/wiki/Brian_Hart
392,\N,Mike,Fisher,13/3/1943,American,http://en.wikipedia.org/wiki/Mike_Fisher_(driver)
393,\N,Tom,Jones,26/4/1943,American,http://en.wikipedia.org/wiki/Tom_Jones_(auto_racer)
394,\N,Giancarlo,Baghetti,25/12/1934,Italian,http://en.wikipedia.org/wiki/Giancarlo_Baghetti
395,\N,Jonathan,Williams,26/10/1942,British,http://en.wikipedia.org/wiki/Jonathan_Williams_(racing_driver)
396,\N,Bob,Bondurant,27/4/1933,American,http://en.wikipedia.org/wiki/Bob_Bondurant
397,\N,Peter,Arundell,8/11/1933,British,http://en.wikipedia.org/wiki/Peter_Arundell
398,\N,Vic,Wilson,14/4/1931,British,http://en.wikipedia.org/wiki/Vic_Wilson_(motor_racing_driver)
399,\N,John,Taylor,23/3/1933,British,http://en.wikipedia.org/wiki/John_Taylor_(racer)
400,\N,Chris,Lawrence,27/7/1933,British,http://en.wikipedia.org/wiki/Chris_Lawrence_(racing_driver)
401,\N,Trevor,Taylor,26/12/1936,British,http://en.wikipedia.org/wiki/Trevor_Taylor
402,\N,Giacomo,Russo,23/10/1937,Italian,http://en.wikipedia.org/wiki/Geki_(driver)
403,\N,Phil,Hill,20/4/1927,American,http://en.wikipedia.org/wiki/Phil_Hill
404,\N,Innes,Ireland,12/6/1930,British,http://en.wikipedia.org/wiki/Innes_Ireland
405,\N,Ronnie,Bucknum,5/4/1936,American,http://en.wikipedia.org/wiki/Ronnie_Bucknum
406,\N,Paul,Hawkins,12/10/1937,Australian,http://en.wikipedia.org/wiki/Paul_Hawkins_(racing_driver)
407,\N,David,Prophet,9/10/1937,British,http://en.wikipedia.org/wiki/David_Prophet
408,\N,Tony,Maggs,9/2/1937,South African,http://en.wikipedia.org/wiki/Tony_Maggs
409,\N,Trevor,Blokdyk,30/11/1935,South African,http://en.wikipedia.org/wiki/Trevor_Blokdyk
410,\N,Neville,Lederle,25/9/1938,South African,http://en.wikipedia.org/wiki/Neville_Lederle
411,\N,Doug,Serrurier,9/12/1920,South African,http://en.wikipedia.org/wiki/Doug_Serrurier
412,\N,Brausch,Niemann,7/1/1939,South African,http://en.wikipedia.org/wiki/Brausch_Niemann
413,\N,Ernie,Pieterse,4/7/1938,South African,http://en.wikipedia.org/wiki/Ernie_Pieterse
414,\N,Clive,Puzey,11/7/1941,Rhodesian,http://en.wikipedia.org/wiki/Clive_Puzey
415,\N,Ray,Reed,30/4/1932,South African,http://en.wikipedia.org/wiki/Ray_Reed
416,\N,David,Clapham,18/5/1931,South African,http://en.wikipedia.org/wiki/David_Clapham
417,\N,Alex,Blignaut,30/11/1932,South African,http://en.wikipedia.org/wiki/Alex_Blignaut
418,\N,Masten,Gregory,29/2/1932,American,http://en.wikipedia.org/wiki/Masten_Gregory
419,\N,John,Rhodes,18/8/1927,British,http://en.wikipedia.org/wiki/John_Rhodes_(driver)
420,\N,Ian,Raby,22/9/1921,British,http://en.wikipedia.org/wiki/Ian_Raby
421,\N,Alan,Rollinson,15/5/1943,British,http://en.wikipedia.org/wiki/Alan_Rollinson
422,\N,Brian,Gubby,17/4/1934,British,http://en.wikipedia.org/wiki/Brian_Gubby
423,\N,Gerhard,Mitter,30/8/1935,German,http://en.wikipedia.org/wiki/Gerhard_Mitter
424,\N,Roberto,Bussinello,4/10/1927,Italian,http://en.wikipedia.org/wiki/Roberto_Bussinello
425,\N,Nino,Vaccarella,4/3/1933,Italian,http://en.wikipedia.org/wiki/Nino_Vaccarella
426,\N,Giorgio,Bassi,20/1/1934,Italian,http://en.wikipedia.org/wiki/Giorgio_Bassi
427,\N,Maurice,Trintignant,30/10/1917,French,http://en.wikipedia.org/wiki/Maurice_Trintignant
428,\N,Bernard,Collomb,7/10/1930,French,http://en.wikipedia.org/wiki/Bernard_Collomb
429,\N,André,Pilette,6/10/1918,Belgian,http://en.wikipedia.org/wiki/Andr%C3%A9_Pilette
430,\N,Carel Godin,de Beaufort,10/4/1934,Dutch,http://en.wikipedia.org/wiki/Carel_Godin_de_Beaufort
431,\N,Edgar,Barth,26/1/1917,German,http://en.wikipedia.org/wiki/Edgar_Barth
432,\N,Mário de Araújo,Cabral,15/1/1934,Portuguese,http://en.wikipedia.org/wiki/Mario_de_Araujo_Cabral
433,\N,Walt,Hansgen,28/10/1919,American,http://en.wikipedia.org/wiki/Walt_Hansgen
434,\N,Hap,Sharp,1/1/1928,American,http://en.wikipedia.org/wiki/Hap_Sharp
435,\N,Willy,Mairesse,1/10/1928,Belgian,http://en.wikipedia.org/wiki/Willy_Mairesse
436,\N,John,Campbell-Jones,21/1/1930,British,http://en.wikipedia.org/wiki/John_Campbell-Jones
437,\N,Ian,Burgess,6/7/1930,British,http://en.wikipedia.org/wiki/Ian_Burgess
438,\N,Tony,Settember,10/7/1926,American,http://en.wikipedia.org/wiki/Tony_Settember
439,\N,Nasif,Estéfano,18/11/1932,Argentine,http://en.wikipedia.org/wiki/Nasif_Est%C3%A9fano
440,\N,Jim,Hall,23/7/1935,American,http://en.wikipedia.org/wiki/Jim_Hall_(race_car_driver)
441,\N,Tim,Parnell,25/6/1932,British,http://en.wikipedia.org/wiki/Tim_Parnell
442,\N,Kurt,Kuhnke,30/4/1910,German,http://en.wikipedia.org/wiki/Kurt_Kuhnke
443,\N,Ernesto,Brambilla,31/1/1934,Italian,http://en.wikipedia.org/wiki/Ernesto_Brambilla
444,\N,Roberto,Lippi,17/10/1926,Italian,http://en.wikipedia.org/wiki/Roberto_Lippi
445,\N,Günther,Seiffert,18/10/1937,German,http://en.wikipedia.org/wiki/G%C3%BCnther_Seiffert
446,\N,Carlo,Abate,10/7/1932,Italian,http://en.wikipedia.org/wiki/Carlo_Mario_Abate
447,\N,Gaetano,Starrabba,3/12/1932,Italian,http://en.wikipedia.org/wiki/Gaetano_Starrabba
448,\N,Peter,Broeker,15/5/1926,Canadian,http://en.wikipedia.org/wiki/Peter_Broeker
449,\N,Rodger,Ward,10/1/1921,American,http://en.wikipedia.org/wiki/Rodger_Ward
450,\N,Ernie,de Vos,1/7/1941,Dutch,http://en.wikipedia.org/wiki/Ernie_de_Vos
451,\N,Frank,Dochnal,8/10/1920,American,http://en.wikipedia.org/wiki/Frank_Dochnal
452,\N,Thomas,Monarch,3/9/1945,American,http://en.wikipedia.org/wiki/Talk:1963_Mexican_Grand_Prix#Who_was_Thomas_Monarch.3F
842,GAS,Pierre,Gasly,7/2/1996,French,http://en.wikipedia.org/wiki/Pierre_Gasly
453,\N,Jackie,Lewis,1/11/1936,British,http://en.wikipedia.org/wiki/Jackie_Lewis
454,\N,Ricardo,Rodríguez,14/2/1942,Mexican,http://en.wikipedia.org/wiki/Ricardo_Rodr%C3%ADguez_(Formula_One)
455,\N,Wolfgang,Seidel,4/7/1926,German,http://en.wikipedia.org/wiki/Wolfgang_Seidel
456,\N,Roy,Salvadori,12/5/1922,British,http://en.wikipedia.org/wiki/Roy_Salvadori
457,\N,Ben,Pon,9/12/1936,Dutch,http://en.wikipedia.org/wiki/Ben_Pon
458,\N,Rob,Slotemaker,13/6/1929,Dutch,http://en.wikipedia.org/wiki/Rob_Slotemaker
459,\N,Tony,Marsh,20/7/1931,British,http://en.wikipedia.org/wiki/Tony_Marsh_(racing_driver)
460,\N,Gerry,Ashmore,25/7/1936,British,http://en.wikipedia.org/wiki/Gerry_Ashmore
461,\N,Heinz,Schiller,25/1/1930,Swiss,http://en.wikipedia.org/wiki/Heinz_Schiller
462,\N,Colin,Davis,29/7/1933,British,http://en.wikipedia.org/wiki/Colin_Davis_(driver)
463,\N,Jay,Chamberlain,29/12/1925,American,http://en.wikipedia.org/wiki/Jay_Chamberlain
464,\N,Tony,Shelly,2/2/1937,New Zealander,http://en.wikipedia.org/wiki/Tony_Shelly
465,\N,Keith,Greene,5/1/1938,British,http://en.wikipedia.org/wiki/Keith_Greene
466,\N,Heini,Walter,28/7/1927,Swiss,http://en.wikipedia.org/wiki/Heini_Walter
467,\N,Ernesto,Prinoth,15/4/1923,Italian,http://en.wikipedia.org/wiki/Ernesto_Prinoth
468,\N,Roger,Penske,20/2/1937,American,http://en.wikipedia.org/wiki/Roger_Penske
469,\N,Rob,Schroeder,11/5/1926,British,http://en.wikipedia.org/wiki/Rob_Schroeder
470,\N,Timmy,Mayer,22/2/1938,American,http://en.wikipedia.org/wiki/Timmy_Mayer
471,\N,Bruce,Johnstone,30/1/1937,South African,http://en.wikipedia.org/wiki/Bruce_Johnstone_(racing_driver)
472,\N,Mike,Harris,25/5/1939,South African,http://en.wikipedia.org/wiki/Mike_Harris_(race_car_driver)
473,\N,Gary,Hocking,30/9/1937,Rhodesian,http://en.wikipedia.org/wiki/Gary_Hocking
474,\N,Syd,van der Vyver,1/6/1920,South African,http://en.wikipedia.org/wiki/Syd_van_der_Vyver
475,\N,Stirling,Moss,17/9/1929,British,http://en.wikipedia.org/wiki/Stirling_Moss
476,\N,Wolfgang,von Trips,4/5/1928,German,http://en.wikipedia.org/wiki/Wolfgang_Graf_Berghe_von_Trips
477,\N,Cliff,Allison,8/2/1932,British,http://en.wikipedia.org/wiki/Cliff_Allison
478,\N,Hans,Herrmann,23/2/1928,German,http://en.wikipedia.org/wiki/Hans_Herrmann
479,\N,Tony,Brooks,25/2/1932,British,http://en.wikipedia.org/wiki/Tony_Brooks
480,\N,Michael,May,18/8/1934,Swiss,http://en.wikipedia.org/wiki/Michael_May_(racing_driver)
481,\N,Henry,Taylor,16/12/1932,British,http://en.wikipedia.org/wiki/Henry_Taylor_(racing_driver)
482,\N,Olivier,Gendebien,12/1/1924,Belgian,http://en.wikipedia.org/wiki/Olivier_Gendebien
483,\N,Giorgio,Scarlatti,2/10/1921,Italian,http://en.wikipedia.org/wiki/Giorgio_Scarlatti
484,\N,Brian,Naylor,24/3/1923,British,http://en.wikipedia.org/wiki/Brian_Naylor
485,\N,Juan Manuel,Bordeu,28/1/1934,Argentine,http://en.wikipedia.org/wiki/Juan_Manuel_Bordeu
486,\N,Jack,Fairman,15/3/1913,British,http://en.wikipedia.org/wiki/Jack_Fairman
487,\N,Massimo,Natili,28/7/1935,Italian,http://en.wikipedia.org/wiki/Massimo_Natili
488,\N,Peter,Monteverdi,7/6/1934,Swiss,http://en.wikipedia.org/wiki/Peter_Monteverdi
489,\N,Renato,Pirocchi,26/3/1933,Italian,http://en.wikipedia.org/wiki/Renato_Pirocchi
490,\N,Geoff,Duke,29/3/1923,British,http://en.wikipedia.org/wiki/Geoff_Duke
491,\N,Alfonso,Thiele,5/4/1920,American-Italian,http://en.wikipedia.org/wiki/Alfonso_Thiele
492,\N,Menato,Boffa,4/1/1930,Italian,http://en.wikipedia.org/wiki/Menato_Boffa
493,\N,Peter,Ryan,10/6/1940,Canadian,http://en.wikipedia.org/wiki/Peter_Ryan_(driver)
494,\N,Lloyd,Ruby,12/1/1928,American,http://en.wikipedia.org/wiki/Lloyd_Ruby
495,\N,Ken,Miles,1/11/1918,British,http://en.wikipedia.org/wiki/Ken_Miles
496,\N,Carlos,Menditeguy,10/8/1914,Argentine,http://en.wikipedia.org/wiki/Carlos_Menditeguy
497,\N,Alberto Rodriguez,Larreta,14/1/1934,Argentine,http://en.wikipedia.org/wiki/Alberto_Rodriguez_Larreta
498,\N,José Froilán,González,5/10/1922,Argentine,http://en.wikipedia.org/wiki/Jos%C3%A9_Froil%C3%A1n_Gonz%C3%A1lez
499,\N,Roberto,Bonomi,30/9/1919,Argentine,http://en.wikipedia.org/wiki/Roberto_Bonomi
500,\N,Gino,Munaron,2/4/1928,Italian,http://en.wikipedia.org/wiki/Gino_Munaron
501,\N,Harry,Schell,29/6/1921,American,http://en.wikipedia.org/wiki/Harry_Schell
502,\N,Alan,Stacey,29/8/1933,British,http://en.wikipedia.org/wiki/Alan_Stacey
503,\N,Ettore,Chimeri,4/6/1921,Venezuelan,http://en.wikipedia.org/wiki/Ettore_Chimeri
504,\N,Antonio,Creus,28/10/1924,Spanish,http://en.wikipedia.org/wiki/Antonio_Creus
505,\N,Chris,Bristow,2/12/1937,British,http://en.wikipedia.org/wiki/Chris_Bristow
506,\N,Bruce,Halford,18/5/1931,British,http://en.wikipedia.org/wiki/Bruce_Halford
507,\N,Chuck,Daigh,29/11/1923,American,http://en.wikipedia.org/wiki/Chuck_Daigh
508,\N,Lance,Reventlow,24/2/1936,American,http://en.wikipedia.org/wiki/Lance_Reventlow
509,\N,Jim,Rathmann,16/7/1928,American,http://en.wikipedia.org/wiki/Jim_Rathmann
510,\N,Paul,Goldsmith,2/10/1925,American,http://en.wikipedia.org/wiki/Paul_Goldsmith
511,\N,Don,Branson,2/6/1920,American,http://en.wikipedia.org/wiki/Don_Branson
512,\N,Johnny,Thomson,9/4/1922,American,http://en.wikipedia.org/wiki/Johnny_Thomson
513,\N,Eddie,Johnson,10/2/1919,American,http://en.wikipedia.org/wiki/Eddie_Johnson_(auto_racer)
514,\N,Bob,Veith,1/11/1926,American,http://en.wikipedia.org/wiki/Bob_Veith
515,\N,Bud,Tingelstad,4/4/1928,American,http://en.wikipedia.org/wiki/Bud_Tingelstad
516,\N,Bob,Christie,4/4/1924,American,http://en.wikipedia.org/wiki/Bob_Christie_(racing_driver)
517,\N,Red,Amick,19/1/1929,American,http://en.wikipedia.org/wiki/Red_Amick
518,\N,Duane,Carter,5/5/1913,American,http://en.wikipedia.org/wiki/Duane_Carter
519,\N,Bill,Homeier,31/8/1918,American,http://en.wikipedia.org/wiki/Bill_Homeier
520,\N,Gene,Hartley,28/1/1926,American,http://en.wikipedia.org/wiki/Gene_Hartley
521,\N,Chuck,Stevenson,15/10/1919,American,http://en.wikipedia.org/wiki/Chuck_Stevenson
522,\N,Bobby,Grim,4/9/1924,American,http://en.wikipedia.org/wiki/Bobby_Grim
523,\N,Shorty,Templeman,12/8/1919,American,http://en.wikipedia.org/wiki/Shorty_Templeman
524,\N,Jim,Hurtubise,5/12/1932,American,http://en.wikipedia.org/wiki/Jim_Hurtubise
525,\N,Jimmy,Bryan,28/1/1926,American,http://en.wikipedia.org/wiki/Jimmy_Bryan
526,\N,Troy,Ruttman,11/3/1930,American,http://en.wikipedia.org/wiki/Troy_Ruttman
527,\N,Eddie,Sachs,28/5/1927,American,http://en.wikipedia.org/wiki/Eddie_Sachs
528,\N,Don,Freeland,25/3/1925,American,http://en.wikipedia.org/wiki/Don_Freeland
529,\N,Tony,Bettenhausen,12/9/1916,American,http://en.wikipedia.org/wiki/Tony_Bettenhausen
530,\N,Wayne,Weiler,9/12/1934,American,http://en.wikipedia.org/wiki/Wayne_Weiler
531,\N,Anthony,Foyt,16/1/1935,American,http://en.wikipedia.org/wiki/A.J._Foyt
532,\N,Eddie,Russo,19/11/1925,American,http://en.wikipedia.org/wiki/Eddie_Russo
533,\N,Johnny,Boyd,19/8/1926,American,http://en.wikipedia.org/wiki/Johnny_Boyd
534,\N,Gene,Force,15/6/1916,American,http://en.wikipedia.org/wiki/Gene_Force
535,\N,Jim,McWithey,4/7/1927,American,http://en.wikipedia.org/wiki/Jim_McWithey
536,\N,Len,Sutton,9/8/1925,American,http://en.wikipedia.org/wiki/Len_Sutton
537,\N,Dick,Rathmann,6/1/1924,American,http://en.wikipedia.org/wiki/Dick_Rathmann
538,\N,Al,Herman,15/3/1927,American,http://en.wikipedia.org/wiki/Al_Herman
539,\N,Dempsey,Wilson,11/3/1927,American,http://en.wikipedia.org/wiki/Dempsey_Wilson
540,\N,Mike,Taylor,24/4/1934,British,http://en.wikipedia.org/wiki/Mike_Taylor_(driver)
541,\N,Ron,Flockhart,16/6/1923,British,http://en.wikipedia.org/wiki/Ron_Flockhart_(auto_racing)
542,\N,David,Piper,2/12/1930,British,http://en.wikipedia.org/wiki/David_Piper
543,\N,Giulio,Cabianca,19/2/1923,Italian,http://en.wikipedia.org/wiki/Giulio_Cabianca
544,\N,Piero,Drogo,8/8/1926,Italian,http://en.wikipedia.org/wiki/Piero_Drogo
545,\N,Fred,Gamble,17/3/1932,American,http://en.wikipedia.org/wiki/Fred_Gamble_(racing_driver)
546,\N,Arthur,Owen,23/3/1915,British,http://en.wikipedia.org/wiki/Arthur_Owen
547,\N,Horace,Gould,20/9/1918,British,http://en.wikipedia.org/wiki/Horace_Gould
548,\N,Bob,Drake,14/12/1919,American,http://en.wikipedia.org/wiki/Bob_Drake_(Formula_One)
549,\N,Ivor,Bueb,6/6/1923,British,http://en.wikipedia.org/wiki/Ivor_Bueb
550,\N,Alain,de Changy,5/2/1922,Belgian,http://en.wikipedia.org/wiki/Alain_de_Changy
551,\N,Maria,de Filippis,11/11/1926,Italian,http://en.wikipedia.org/wiki/Maria_Teresa_de_Filippis
552,\N,Jean,Lucienbonnet,7/1/1923,French,http://en.wikipedia.org/wiki/Jean_Lucienbonnet
553,\N,André,Testut,13/4/1926,Monegasque,http://en.wikipedia.org/wiki/Andr%C3%A9_Testut
554,\N,Jean,Behra,16/2/1921,French,http://en.wikipedia.org/wiki/Jean_Behra
555,\N,Paul,Russo,10/4/1914,American,http://en.wikipedia.org/wiki/Paul_Russo
556,\N,Jimmy,Daywalt,28/8/1924,American,http://en.wikipedia.org/wiki/Jimmy_Daywalt
557,\N,Chuck,Arnold,30/5/1926,American,http://en.wikipedia.org/wiki/Chuck_Arnold
558,\N,Al,Keller,11/4/1920,American,http://en.wikipedia.org/wiki/Al_Keller
559,\N,Pat,Flaherty,6/1/1926,American,http://en.wikipedia.org/wiki/Pat_Flaherty_(racing_driver)
560,\N,Bill,Cheesbourg,12/6/1927,American,http://en.wikipedia.org/wiki/Bill_Cheesbourg
561,\N,Ray,Crawford,26/10/1915,American,http://en.wikipedia.org/wiki/Ray_Crawford
562,\N,Jack,Turner,12/2/1920,American,http://en.wikipedia.org/wiki/Jack_Turner_(driver)
563,\N,Chuck,Weyant,3/4/1923,American,http://en.wikipedia.org/wiki/Chuck_Weyant
564,\N,Jud,Larson,21/1/1923,American,http://en.wikipedia.org/wiki/Jud_Larson
565,\N,Mike,Magill,8/2/1920,American,http://en.wikipedia.org/wiki/Mike_Magill
566,\N,Carroll,Shelby,11/1/1923,American,http://en.wikipedia.org/wiki/Carroll_Shelby
567,\N,Fritz,d'Orey,25/3/1938,Brazilian,http://en.wikipedia.org/wiki/Fritz_d%27Orey
568,\N,Azdrubal,Fontes,26/12/1922,Uruguayan,http://en.wikipedia.org/wiki/Azdrubal_Fontes
569,\N,Peter,Ashdown,16/10/1934,British,http://en.wikipedia.org/wiki/Peter_Ashdown
570,\N,Bill,Moss,4/9/1933,British,http://en.wikipedia.org/wiki/Bill_Moss_(racing_driver)
571,\N,Dennis,Taylor,12/6/1921,British,http://en.wikipedia.org/wiki/Dennis_Taylor_(racing_driver)
572,\N,Harry,Blanchard,13/6/1929,American,http://en.wikipedia.org/wiki/Harry_Blanchard
573,\N,Alessandro,de Tomaso,10/7/1928,Argentine-Italian,http://en.wikipedia.org/wiki/Alessandro_de_Tomaso
574,\N,George,Constantine,22/2/1918,American,http://en.wikipedia.org/wiki/George_Constantine
575,\N,Bob,Said,5/5/1932,American,http://en.wikipedia.org/wiki/Bob_Said
576,\N,Phil,Cade,12/6/1916,American,http://en.wikipedia.org/wiki/Phil_Cade
577,\N,Luigi,Musso,28/7/1924,Italian,http://en.wikipedia.org/wiki/Luigi_Musso
578,\N,Mike,Hawthorn,10/4/1929,British,http://en.wikipedia.org/wiki/Mike_Hawthorn
579,\N,Juan,Fangio,24/6/1911,Argentine,http://en.wikipedia.org/wiki/Juan_Manuel_Fangio
580,\N,Paco,Godia,21/3/1921,Spanish,http://en.wikipedia.org/wiki/Paco_Godia
581,\N,Peter,Collins,6/11/1931,British,http://en.wikipedia.org/wiki/Peter_Collins_(racing_driver)
582,\N,Ken,Kavanagh,12/12/1923,Australian,http://en.wikipedia.org/wiki/Ken_Kavanagh
583,\N,Gerino,Gerini,10/8/1928,Italian,http://en.wikipedia.org/wiki/Gerino_Gerini_(racing_driver)
584,\N,Bruce,Kessler,23/3/1936,American,http://en.wikipedia.org/wiki/Bruce_Kessler
585,\N,Paul,Emery,12/11/1916,British,http://en.wikipedia.org/wiki/Paul_Emery
586,\N,Luigi,Piotti,27/10/1913,Italian,http://en.wikipedia.org/wiki/Luigi_Piotti
587,\N,Bernie,Ecclestone,28/10/1930,British,http://en.wikipedia.org/wiki/Bernie_Ecclestone
588,\N,Luigi,Taramazzo,5/5/1932,Italian,http://en.wikipedia.org/wiki/Luigi_Taramazzo
589,\N,Louis,Chiron,1899-08-03,Monegasque,http://en.wikipedia.org/wiki/Louis_Chiron
590,\N,Stuart,Lewis-Evans,20/4/1930,British,http://en.wikipedia.org/wiki/Stuart_Lewis-Evans
591,\N,George,Amick,24/10/1924,American,http://en.wikipedia.org/wiki/George_Amick
592,\N,Jimmy,Reece,17/11/1929,American,http://en.wikipedia.org/wiki/Jimmy_Reece
593,\N,Johnnie,Parsons,4/7/1918,American,http://en.wikipedia.org/wiki/Johnnie_Parsons
594,\N,Johnnie,Tolan,22/10/1917,American,http://en.wikipedia.org/wiki/Johnnie_Tolan
595,\N,Billy,Garrett,24/4/1933,American,http://en.wikipedia.org/wiki/Billy_Garrett
596,\N,Ed,Elisian,9/12/1926,American,http://en.wikipedia.org/wiki/Ed_Elisian
597,\N,Pat,O'Connor,9/10/1928,American,http://en.wikipedia.org/wiki/Pat_O%27Connor_(auto_racer)
598,\N,Jerry,Unser,15/11/1932,American,http://en.wikipedia.org/wiki/Jerry_Unser
599,\N,Art,Bisch,10/11/1926,American,http://en.wikipedia.org/wiki/Art_Bisch
600,\N,Christian,Goethals,4/8/1928,Belgian,http://en.wikipedia.org/wiki/Christian_Goethals
601,\N,Dick,Gibson,16/4/1918,British,http://en.wikipedia.org/wiki/Dick_Gibson
602,\N,Robert,La Caze,26/2/1917,French,http://en.wikipedia.org/wiki/Robert_La_Caze
603,\N,André,Guelfi,6/5/1919,French,http://en.wikipedia.org/wiki/Andr%C3%A9_Guelfi
604,\N,François,Picard,26/4/1921,French,http://en.wikipedia.org/wiki/Fran%C3%A7ois_Picard
605,\N,Tom,Bridger,24/6/1934,British,http://en.wikipedia.org/wiki/Tom_Bridger
606,\N,Alfonso,de Portago,11/10/1928,Spanish,http://en.wikipedia.org/wiki/Alfonso_de_Portago
607,\N,Cesare,Perdisa,21/10/1932,Italian,http://en.wikipedia.org/wiki/Cesare_Perdisa
608,\N,Eugenio,Castellotti,10/10/1930,Italian,http://en.wikipedia.org/wiki/Eugenio_Castellotti
609,\N,André,Simon,5/1/1920,French,http://en.wikipedia.org/wiki/Andr%C3%A9_Simon_(racing_driver)
610,\N,Les,Leston,16/12/1920,British,http://en.wikipedia.org/wiki/Les_Leston
611,\N,Sam,Hanks,13/7/1914,American,http://en.wikipedia.org/wiki/Sam_Hanks
612,\N,Andy,Linden,5/4/1922,American,http://en.wikipedia.org/wiki/Andy_Linden_(racing_driver)
613,\N,Marshall,Teague,22/2/1921,American,http://en.wikipedia.org/wiki/Marshall_Teague_(racing_driver)
614,\N,Don,Edmunds,23/9/1930,American,http://en.wikipedia.org/wiki/Don_Edmunds
615,\N,Fred,Agabashian,21/8/1913,American,http://en.wikipedia.org/wiki/Fred_Agabashian
616,\N,Elmer,George,15/7/1928,American,http://en.wikipedia.org/wiki/Elmer_George
617,\N,Mike,MacDowel,13/9/1932,British,http://en.wikipedia.org/wiki/Mike_MacDowel
618,\N,Herbert,MacKay-Fraser,23/6/1927,American,http://en.wikipedia.org/wiki/Herbert_MacKay-Fraser
619,\N,Bob,Gerard,19/1/1914,British,http://en.wikipedia.org/wiki/Bob_Gerard
620,\N,Umberto,Maglioli,5/6/1928,Italian,http://en.wikipedia.org/wiki/Umberto_Maglioli
621,\N,Paul,England,28/3/1929,Australian,http://en.wikipedia.org/wiki/Paul_England
622,\N,Chico,Landi,14/7/1907,Brazilian,http://en.wikipedia.org/wiki/Chico_Landi
623,\N,Alberto,Uria,11/7/1924,Uruguayan,http://en.wikipedia.org/wiki/Alberto_Uria
624,\N,Hernando,da Silva Ramos,7/12/1925,Brazilian,http://en.wikipedia.org/wiki/Hernando_da_Silva_Ramos
625,\N,Élie,Bayol,28/2/1914,French,http://en.wikipedia.org/wiki/%C3%89lie_Bayol
626,\N,Robert,Manzon,12/4/1917,French,http://en.wikipedia.org/wiki/Robert_Manzon
627,\N,Louis,Rosier,5/11/1905,French,http://en.wikipedia.org/wiki/Louis_Rosier
628,\N,Bob,Sweikert,20/5/1926,American,http://en.wikipedia.org/wiki/Bob_Sweikert
629,\N,Cliff,Griffith,6/2/1916,American,http://en.wikipedia.org/wiki/Cliff_Griffith
630,\N,Duke,Dinsmore,10/4/1913,American,http://en.wikipedia.org/wiki/Duke_Dinsmore
631,\N,Keith,Andrews,15/6/1920,American,http://en.wikipedia.org/wiki/Keith_Andrews_(driver)
632,\N,Paul,Frère,30/1/1917,Belgian,http://en.wikipedia.org/wiki/Paul_Fr%C3%A8re
633,\N,Luigi,Villoresi,16/5/1909,Italian,http://en.wikipedia.org/wiki/Luigi_Villoresi
634,\N,Piero,Scotti,11/11/1909,Italian,http://en.wikipedia.org/wiki/Piero_Scotti
635,\N,Colin,Chapman,19/5/1928,British,http://en.wikipedia.org/wiki/Colin_Chapman
636,\N,Desmond,Titterington,1/5/1928,British,http://en.wikipedia.org/wiki/Desmond_Titterington
637,\N,Archie,Scott Brown,13/5/1927,British,http://en.wikipedia.org/wiki/Archie_Scott_Brown
638,\N,Ottorino,Volonterio,7/12/1917,Swiss,http://en.wikipedia.org/wiki/Ottorino_Volonterio
639,\N,André,Milhoux,9/12/1928,Belgian,http://en.wikipedia.org/wiki/Andr%C3%A9_Milhoux
640,\N,Toulo,de Graffenried,18/5/1914,Swiss,http://en.wikipedia.org/wiki/Toulo_de_Graffenried
641,\N,Piero,Taruffi,12/10/1906,Italian,http://en.wikipedia.org/wiki/Piero_Taruffi
642,\N,Nino,Farina,30/10/1906,Italian,http://en.wikipedia.org/wiki/Nino_Farina
643,\N,Roberto,Mieres,3/12/1924,Argentine,http://en.wikipedia.org/wiki/Roberto_Mieres
644,\N,Sergio,Mantovani,22/5/1929,Italian,http://en.wikipedia.org/wiki/Sergio_Mantovani
645,\N,Clemar,Bucci,4/9/1920,Argentine,http://en.wikipedia.org/wiki/Clemar_Bucci
646,\N,Jesús,Iglesias,22/2/1922,Argentine,http://en.wikipedia.org/wiki/Jes%C3%BAs_Iglesias
647,\N,Alberto,Ascari,13/7/1918,Italian,http://en.wikipedia.org/wiki/Alberto_Ascari
648,\N,Karl,Kling,16/9/1910,German,http://en.wikipedia.org/wiki/Karl_Kling
649,\N,Pablo,Birger,7/1/1924,Argentine,http://en.wikipedia.org/wiki/Pablo_Birger
650,\N,Jacques,Pollet,2/7/1922,French,http://en.wikipedia.org/wiki/Jacques_Pollet
651,\N,Lance,Macklin,2/9/1919,British,http://en.wikipedia.org/wiki/Lance_Macklin
652,\N,Ted,Whiteaway,1/11/1928,British,http://en.wikipedia.org/wiki/Ted_Whiteaway
653,\N,Jimmy,Davies,8/8/1929,American,http://en.wikipedia.org/wiki/Jimmy_Davies
654,\N,Walt,Faulkner,16/2/1920,American,http://en.wikipedia.org/wiki/Walt_Faulkner
655,\N,Cal,Niday,29/4/1914,American,http://en.wikipedia.org/wiki/Cal_Niday
656,\N,Art,Cross,24/1/1918,American,http://en.wikipedia.org/wiki/Art_Cross
657,\N,Bill,Vukovich,13/12/1918,American,http://en.wikipedia.org/wiki/Bill_Vukovich
658,\N,Jack,McGrath,8/10/1919,American,http://en.wikipedia.org/wiki/Jack_McGrath_(racing_driver)
659,\N,Jerry,Hoyt,29/1/1929,American,http://en.wikipedia.org/wiki/Jerry_Hoyt
660,\N,Johnny,Claes,11/8/1916,Belgian,http://en.wikipedia.org/wiki/Johnny_Claes
661,\N,Peter,Walker,7/10/1912,British,http://en.wikipedia.org/wiki/Peter_Walker_(driver)
662,\N,Mike,Sparken,16/6/1930,French,http://en.wikipedia.org/wiki/Mike_Sparken
663,\N,Ken,Wharton,21/3/1916,British,http://en.wikipedia.org/wiki/Ken_Wharton
664,\N,Kenneth,McAlpine,21/9/1920,British,http://en.wikipedia.org/wiki/Kenneth_McAlpine
665,\N,Leslie,Marr,14/8/1922,British,http://en.wikipedia.org/wiki/Leslie_Marr
666,\N,Tony,Rolt,16/10/1918,British,http://en.wikipedia.org/wiki/Tony_Rolt
667,\N,John,Fitch,4/8/1917,American,http://en.wikipedia.org/wiki/John_Fitch_(driver)
668,\N,Jean,Lucas,25/4/1917,French,http://en.wikipedia.org/wiki/Jean_Lucas
669,\N,Prince,Bira,15/7/1914,Thai,http://en.wikipedia.org/wiki/Prince_Bira
670,\N,Onofre,Marimón,19/12/1923,Argentine,http://en.wikipedia.org/wiki/Onofre_Marim%C3%B3n
671,\N,Roger,Loyer,5/8/1907,French,http://en.wikipedia.org/wiki/Roger_Loyer
672,\N,Jorge,Daponte,5/6/1923,Argentine,http://en.wikipedia.org/wiki/Jorge_Daponte
673,\N,Mike,Nazaruk,2/10/1921,American,http://en.wikipedia.org/wiki/Mike_Nazaruk
674,\N,Larry,Crockett,23/10/1926,American,http://en.wikipedia.org/wiki/Larry_Crockett
675,\N,Manny,Ayulo,20/10/1921,American,http://en.wikipedia.org/wiki/Manny_Ayulo
676,\N,Frank,Armi,12/10/1918,American,http://en.wikipedia.org/wiki/Frank_Armi
677,\N,Travis,Webb,8/10/1910,American,http://en.wikipedia.org/wiki/Travis_Webb
678,\N,Len,Duncan,25/7/1911,American,http://en.wikipedia.org/wiki/Len_Duncan
679,\N,Ernie,McCoy,19/2/1921,American,http://en.wikipedia.org/wiki/Ernie_McCoy
680,\N,Jacques,Swaters,30/10/1926,American,http://en.wikipedia.org/wiki/Jacques_Swaters
681,\N,Georges,Berger,14/9/1918,Belgian,http://en.wikipedia.org/wiki/Georges_Berger
682,\N,Don,Beauman,26/7/1928,British,http://en.wikipedia.org/wiki/Don_Beauman
683,\N,Leslie,Thorne,23/6/1916,British,http://en.wikipedia.org/wiki/Leslie_Thorne
684,\N,Bill,Whitehouse,1/4/1909,British,http://en.wikipedia.org/wiki/Bill_Whitehouse
685,\N,John,Riseley-Prichard,17/1/1924,British,http://en.wikipedia.org/wiki/John_Riseley-Prichard
686,\N,Reg,Parnell,2/7/1911,British,http://en.wikipedia.org/wiki/Reg_Parnell
687,\N,Peter,Whitehead,12/11/1914,British,http://en.wikipedia.org/wiki/Peter_Whitehead_(racing_driver)
688,\N,Eric,Brandon,18/7/1920,British,http://en.wikipedia.org/wiki/Eric_Brandon
689,\N,Alan,Brown,20/11/1919,British,http://en.wikipedia.org/wiki/Alan_Brown_(racing_driver)
690,\N,Rodney,Nuckey,26/6/1929,British,http://en.wikipedia.org/wiki/Rodney_Nuckey
691,\N,Hermann,Lang,6/4/1909,German,http://en.wikipedia.org/wiki/Hermann_Lang
692,\N,Theo,Helfrich,13/5/1913,German,http://en.wikipedia.org/wiki/Theo_Helfrich
693,\N,Fred,Wacker,10/7/1918,American,http://en.wikipedia.org/wiki/Fred_Wacker
694,\N,Giovanni,de Riu,10/3/1925,Italian,http://en.wikipedia.org/wiki/Giovanni_de_Riu
695,\N,Oscar,Gálvez,17/8/1913,Argentine,http://en.wikipedia.org/wiki/%C3%93scar_Alfredo_G%C3%A1lvez
696,\N,John,Barber,22/7/1929,British,http://en.wikipedia.org/wiki/John_Barber_(racing_driver)
697,\N,Felice,Bonetto,9/6/1903,Italian,http://en.wikipedia.org/wiki/Felice_Bonetto
698,\N,Adolfo,Cruz,28/6/1923,Argentine,http://en.wikipedia.org/wiki/Adolfo_Schewelm_Cruz
699,\N,Duke,Nalon,2/3/1913,American,http://en.wikipedia.org/wiki/Duke_Nalon
700,\N,Carl,Scarborough,3/7/1914,American,http://en.wikipedia.org/wiki/Carl_Scarborough
701,\N,Bill,Holland,18/12/1907,American,http://en.wikipedia.org/wiki/Bill_Holland
702,\N,Bob,Scott,4/10/1928,American,http://en.wikipedia.org/wiki/Bob_Scott_(auto_racer)
703,\N,Arthur,Legat,1898-11-01,Belgian,http://en.wikipedia.org/wiki/Arthur_Legat
704,\N,Yves,Cabantous,8/10/1904,French,http://en.wikipedia.org/wiki/Yves_Giraud_Cabantous
705,\N,Tony,Crook,16/2/1920,British,http://en.wikipedia.org/wiki/Tony_Crook
706,\N,Jimmy,Stewart,6/3/1931,British,http://en.wikipedia.org/wiki/Jimmy_Stewart_(racing_driver)
707,\N,Ian,Stewart,15/7/1929,British,http://en.wikipedia.org/wiki/Ian_Stewart_(racing_driver)
708,\N,Duncan,Hamilton,30/4/1920,British,http://en.wikipedia.org/wiki/Duncan_Hamilton_(racing_driver)
709,\N,Ernst,Klodwig,23/5/1903,East German,http://en.wikipedia.org/wiki/Ernst_Klodwig
710,\N,Rudolf,Krause,30/3/1907,East German,http://en.wikipedia.org/wiki/Rudolf_Krause
711,\N,Oswald,Karch,6/3/1917,German,http://en.wikipedia.org/wiki/Oswald_Karch
712,\N,Willi,Heeks,13/2/1922,German,http://en.wikipedia.org/wiki/Willi_Heeks
713,\N,Theo,Fitzau,10/2/1923,East German,http://en.wikipedia.org/wiki/Theo_Fitzau
714,\N,Kurt,Adolff,5/11/1921,German,http://en.wikipedia.org/wiki/Kurt_Adolff
715,\N,Günther,Bechem,21/12/1921,German,http://en.wikipedia.org/wiki/G%C3%BCnther_Bechem
716,\N,Erwin,Bauer,17/7/1912,German,http://en.wikipedia.org/wiki/Erwin_Bauer
717,\N,Hans,von Stuck,27/12/1900,German,http://en.wikipedia.org/wiki/Hans_Von_Stuck
718,\N,Ernst,Loof,4/7/1907,German,http://en.wikipedia.org/wiki/Ernst_Loof
719,\N,Albert,Scherrer,28/2/1908,Swiss,http://en.wikipedia.org/wiki/Albert_Scherrer
720,\N,Max,de Terra,6/10/1918,Swiss,http://en.wikipedia.org/wiki/Max_de_Terra
721,\N,Peter,Hirt,30/3/1910,Swiss,http://en.wikipedia.org/wiki/Peter_Hirt
722,\N,Piero,Carini,6/3/1921,Italian,http://en.wikipedia.org/wiki/Piero_Carini
723,\N,Rudi,Fischer,19/4/1912,Swiss,http://en.wikipedia.org/wiki/Rudi_Fischer
724,\N,Toni,Ulmen,25/1/1906,German,http://en.wikipedia.org/wiki/Toni_Ulmen
725,\N,George,Abecassis,21/3/1913,British,http://en.wikipedia.org/wiki/George_Abecassis
726,\N,George,Connor,16/8/1906,American,http://en.wikipedia.org/wiki/George_Connor_(driver)
727,\N,Jim,Rigsby,6/6/1923,American,http://en.wikipedia.org/wiki/Jim_Rigsby
728,\N,Joe,James,23/5/1925,American,http://en.wikipedia.org/wiki/Joe_James_(racing_driver)
729,\N,Bill,Schindler,6/3/1909,American,http://en.wikipedia.org/wiki/Bill_Schindler
730,\N,George,Fonder,22/6/1917,American,http://en.wikipedia.org/wiki/George_Fonder
731,\N,Henry,Banks,14/6/1913,American,http://en.wikipedia.org/wiki/Henry_Banks
732,\N,Johnny,McDowell,29/1/1915,American,http://en.wikipedia.org/wiki/Johnny_McDowell
733,\N,Chet,Miller,19/7/1902,American,http://en.wikipedia.org/wiki/Chet_Miller
734,\N,Bobby,Ball,26/8/1925,American,http://en.wikipedia.org/wiki/Bobby_Ball_(auto_racer)
735,\N,Charles,de Tornaco,7/6/1927,Belgian,http://en.wikipedia.org/wiki/Charles_de_Tornaco
736,\N,Roger,Laurent,21/2/1913,Belgian,http://en.wikipedia.org/wiki/Roger_Laurent
737,\N,Robert,O'Brien,11/4/1908,American,http://en.wikipedia.org/wiki/Robert_O%27Brien_(auto_racer)
738,\N,Tony,Gaze,3/2/1920,Australian,http://en.wikipedia.org/wiki/Tony_Gaze
739,\N,Robin,Montgomerie-Charrington,23/6/1915,British,http://en.wikipedia.org/wiki/Robin_Montgomerie-Charrington
740,\N,Franco,Comotti,24/7/1906,Italian,http://en.wikipedia.org/wiki/Franco_Comotti
741,\N,Philippe,Étancelin,1896-12-28,French,http://en.wikipedia.org/wiki/Philippe_%C3%89tancelin
742,\N,Dennis,Poore,19/8/1916,British,http://en.wikipedia.org/wiki/Dennis_Poore
743,\N,Eric,Thompson,4/11/1919,British,http://en.wikipedia.org/wiki/Eric_Thompson_(racing_driver)
744,\N,Ken,Downing,5/12/1917,British,http://en.wikipedia.org/wiki/Ken_Downing
745,\N,Graham,Whitehead,15/4/1922,British,http://en.wikipedia.org/wiki/Graham_Whitehead
746,\N,Gino,Bianco,22/7/1916,Brazilian,http://en.wikipedia.org/wiki/Gino_Bianco
747,\N,David,Murray,28/12/1909,British,http://en.wikipedia.org/wiki/David_Murray_(driver)
748,\N,Eitel,Cantoni,4/10/1906,Uruguayan,http://en.wikipedia.org/wiki/Eitel_Cantoni
749,\N,Bill,Aston,29/3/1900,British,http://en.wikipedia.org/wiki/Bill_Aston
750,\N,Adolf,Brudes,1899-10-15,German,http://en.wikipedia.org/wiki/Adolf_Brudes
751,\N,Fritz,Riess,11/7/1922,German,http://en.wikipedia.org/wiki/Fritz_Riess
752,\N,Helmut,Niedermayr,29/11/1915,German,http://en.wikipedia.org/wiki/Helmut_Niedermayr
753,\N,Hans,Klenk,28/10/1919,German,http://en.wikipedia.org/wiki/Hans_Klenk
754,\N,Marcel,Balsa,1/1/1909,French,http://en.wikipedia.org/wiki/Marcel_Balsa
755,\N,Rudolf,Schoeller,27/4/1902,Swiss,http://en.wikipedia.org/wiki/Rudolf_Schoeller
756,\N,Paul,Pietsch,20/6/1911,German,http://en.wikipedia.org/wiki/Paul_Pietsch
757,\N,Josef,Peters,16/9/1914,German,http://en.wikipedia.org/wiki/Josef_Peters_(driver)
758,\N,Dries,van der Lof,23/8/1919,Dutch,http://en.wikipedia.org/wiki/Dries_van_der_Lof
759,\N,Jan,Flinterman,2/10/1919,Dutch,http://en.wikipedia.org/wiki/Jan_Flinterman
760,\N,Piero,Dusio,1899-10-13,Italian,http://en.wikipedia.org/wiki/Piero_Dusio
761,\N,Alberto,Crespo,16/1/1920,Argentine,http://en.wikipedia.org/wiki/Alberto_Crespo
762,\N,Franco,Rol,5/6/1908,Italian,http://en.wikipedia.org/wiki/Franco_Rol
763,\N,Consalvo,Sanesi,28/3/1911,Italian,http://en.wikipedia.org/wiki/Consalvo_Sanesi
764,\N,Guy,Mairesse,10/8/1910,French,http://en.wikipedia.org/wiki/Guy_Mairesse
765,\N,Henri,Louveau,25/1/1910,French,http://en.wikipedia.org/wiki/Henri_Louveau
766,\N,Lee,Wallard,7/9/1910,American,http://en.wikipedia.org/wiki/Lee_Wallard
767,\N,Carl,Forberg,4/3/1911,American,http://en.wikipedia.org/wiki/Carl_Forberg
768,\N,Mauri,Rose,26/5/1906,American,http://en.wikipedia.org/wiki/Mauri_Rose
769,\N,Bill,Mackey,15/12/1927,American,http://en.wikipedia.org/wiki/Bill_Mackey
770,\N,Cecil,Green,30/9/1919,American,http://en.wikipedia.org/wiki/Cecil_Green
771,\N,Walt,Brown,30/12/1911,American,http://en.wikipedia.org/wiki/Walt_Brown_(auto_racer)
772,\N,Mack,Hellings,14/9/1915,American,http://en.wikipedia.org/wiki/Mack_Hellings
773,\N,Pierre,Levegh,22/12/1905,French,http://en.wikipedia.org/wiki/Pierre_Levegh
774,\N,Eugène,Chaboud,12/4/1907,French,http://en.wikipedia.org/wiki/Eug%C3%A8ne_Chaboud
775,\N,Aldo,Gordini,20/5/1921,French,http://en.wikipedia.org/wiki/Aldo_Gordini
776,\N,Joe,Kelly,13/3/1913,Irish,http://en.wikipedia.org/wiki/Joe_Kelly_(Formula_One)
777,\N,Philip,Fotheringham-Parker,22/9/1907,British,http://en.wikipedia.org/wiki/Philip_Fotheringham-Parker
778,\N,Brian,Shawe Taylor,28/1/1915,British,http://en.wikipedia.org/wiki/Brian_Shawe_Taylor
779,\N,John,James,10/5/1914,British,http://en.wikipedia.org/wiki/John_James_(auto_racer)
780,\N,Toni,Branca,15/9/1916,Swiss,http://en.wikipedia.org/wiki/Toni_Branca
781,\N,Ken,Richardson,21/8/1911,British,http://en.wikipedia.org/wiki/Ken_Richardson_(race_car_driver)
782,\N,Juan,Jover,23/11/1903,Spanish,http://en.wikipedia.org/wiki/Juan_Jover
783,\N,Georges,Grignard,25/7/1905,French,http://en.wikipedia.org/wiki/Georges_Grignard
784,\N,David,Hampshire,29/12/1917,British,http://en.wikipedia.org/wiki/David_Hampshire
785,\N,Geoff,Crossley,11/5/1921,British,http://en.wikipedia.org/wiki/Geoff_Crossley
786,\N,Luigi,Fagioli,1898-06-09,Italian,http://en.wikipedia.org/wiki/Luigi_Fagioli
787,\N,Cuth,Harrison,6/7/1906,British,http://en.wikipedia.org/wiki/Cuth_Harrison
788,\N,Joe,Fry,26/10/1915,British,http://en.wikipedia.org/wiki/Joe_Fry
789,\N,Eugène,Martin,24/3/1915,French,http://en.wikipedia.org/wiki/Eug%C3%A8ne_Martin
790,\N,Leslie,Johnson,22/3/1912,British,http://en.wikipedia.org/wiki/Leslie_Johnson_(racing_driver)
791,\N,Clemente,Biondetti,1898-08-18,Italian,http://en.wikipedia.org/wiki/Clemente_Biondetti
792,\N,Alfredo,Pián,21/10/1912,Argentine,http://en.wikipedia.org/wiki/Alfredo_Pi%C3%A0n
793,\N,Raymond,Sommer,31/8/1906,French,http://en.wikipedia.org/wiki/Raymond_Sommer
794,\N,Joie,Chitwood,14/4/1912,American,http://en.wikipedia.org/wiki/Joie_Chitwood
795,\N,Myron,Fohr,17/6/1912,American,http://en.wikipedia.org/wiki/Myron_Fohr
796,\N,Walt,Ader,15/12/1913,American,http://en.wikipedia.org/wiki/Walt_Ader
797,\N,Jackie,Holmes,4/9/1920,American,http://en.wikipedia.org/wiki/Jackie_Holmes
798,\N,Bayliss,Levrett,14/2/1914,American,http://en.wikipedia.org/wiki/Bayliss_Levrett
799,\N,Jimmy,Jackson,25/7/1910,American,http://en.wikipedia.org/wiki/Jimmy_Jackson_(driver)
800,\N,Nello,Pagani,11/10/1911,Italian,http://en.wikipedia.org/wiki/Nello_Pagani
801,\N,Charles,Pozzi,27/8/1909,French,http://en.wikipedia.org/wiki/Charles_Pozzi
802,\N,Dorino,Serafini,22/7/1909,Italian,http://en.wikipedia.org/wiki/Dorino_Serafini
803,\N,Bill,Cantrell,31/1/1908,American,http://en.wikipedia.org/wiki/William_Cantrell
804,\N,Johnny,Mantz,18/9/1918,American,http://en.wikipedia.org/wiki/Johnny_Mantz
805,\N,Danny,Kladis,10/2/1917,American,http://en.wikipedia.org/wiki/Danny_Kladis
806,\N,Óscar,González,10/11/1923,Uruguayan,http://en.wikipedia.org/wiki/%C3%93scar_Gonz%C3%A1lez_(racing_driver)
807,HUL,Nico,Hülkenberg,19/8/1987,German,http://en.wikipedia.org/wiki/Nico_H%C3%BClkenberg
808,PET,Vitaly,Petrov,8/9/1984,Russian,http://en.wikipedia.org/wiki/Vitaly_Petrov
810,DIG,Lucas,di Grassi,11/8/1984,Brazilian,http://en.wikipedia.org/wiki/Lucas_di_Grassi
811,SEN,Bruno,Senna,15/10/1983,Brazilian,http://en.wikipedia.org/wiki/Bruno_Senna
812,CHA,Karun,Chandhok,19/1/1984,Indian,http://en.wikipedia.org/wiki/Karun_Chandhok
813,MAL,Pastor,Maldonado,9/3/1985,Venezuelan,http://en.wikipedia.org/wiki/Pastor_Maldonado
814,DIR,Paul,di Resta,16/4/1986,British,http://en.wikipedia.org/wiki/Paul_di_Resta
815,PER,Sergio,Pérez,26/1/1990,Mexican,http://en.wikipedia.org/wiki/Sergio_P%C3%A9rez
816,DAM,Jérôme,d'Ambrosio,27/12/1985,Belgian,http://en.wikipedia.org/wiki/J%C3%A9r%C3%B4me_d%27Ambrosio
817,RIC,Daniel,Ricciardo,1/7/1989,Australian,http://en.wikipedia.org/wiki/Daniel_Ricciardo
818,VER,Jean-Éric,Vergne,25/4/1990,French,http://en.wikipedia.org/wiki/Jean-%C3%89ric_Vergne
819,PIC,Charles,Pic,15/2/1990,French,http://en.wikipedia.org/wiki/Charles_Pic
820,CHI,Max,Chilton,21/4/1991,British,http://en.wikipedia.org/wiki/Max_Chilton
821,GUT,Esteban,Gutiérrez,5/8/1991,Mexican,http://en.wikipedia.org/wiki/Esteban_Guti%C3%A9rrez
822,BOT,Valtteri,Bottas,28/8/1989,Finnish,http://en.wikipedia.org/wiki/Valtteri_Bottas
823,VDG,Giedo,van der Garde,25/4/1985,Dutch,http://en.wikipedia.org/wiki/Giedo_van_der_Garde
824,BIA,Jules,Bianchi,3/8/1989,French,http://en.wikipedia.org/wiki/Jules_Bianchi
825,MAG,Kevin,Magnussen,5/10/1992,Danish,http://en.wikipedia.org/wiki/Kevin_Magnussen
826,KVY,Daniil,Kvyat,26/4/1994,Russian,http://en.wikipedia.org/wiki/Daniil_Kvyat
827,LOT,André,Lotterer,19/11/1981,German,http://en.wikipedia.org/wiki/Andr%C3%A9_Lotterer
828,ERI,Marcus,Ericsson,2/9/1990,Swedish,http://en.wikipedia.org/wiki/Marcus_Ericsson
829,STE,Will,Stevens,28/6/1991,British,http://en.wikipedia.org/wiki/Will_Stevens
830,VER,Max,Verstappen,30/9/1997,Dutch,http://en.wikipedia.org/wiki/Max_Verstappen
831,NAS,Felipe,Nasr,21/8/1992,Brazilian,http://en.wikipedia.org/wiki/Felipe_Nasr
832,SAI,Carlos,Sainz,1/9/1994,Spanish,http://en.wikipedia.org/wiki/Carlos_Sainz_Jr.
833,MER,Roberto,Merhi,22/3/1991,Spanish,http://en.wikipedia.org/wiki/Roberto_Merhi
834,RSS,Alexander,Rossi,25/9/1991,American,http://en.wikipedia.org/wiki/Alexander_Rossi_%28racing_driver%29
835,PAL,Jolyon,Palmer,20/1/1991,British,http://en.wikipedia.org/wiki/Jolyon_Palmer
836,WEH,Pascal,Wehrlein,18/10/1994,German,http://en.wikipedia.org/wiki/Pascal_Wehrlein
837,HAR,Rio,Haryanto,22/1/1993,Indonesian,http://en.wikipedia.org/wiki/Rio_Haryanto
838,VAN,Stoffel,Vandoorne,26/3/1992,Belgian,http://en.wikipedia.org/wiki/Stoffel_Vandoorne
839,OCO,Esteban,Ocon,17/9/1996,French,http://en.wikipedia.org/wiki/Esteban_Ocon
840,STR,Lance,Stroll,29/10/1998,Canadian,http://en.wikipedia.org/wiki/Lance_Stroll
841,GIO,Antonio,Giovinazzi,14/12/1993,Italian,http://en.wikipedia.org/wiki/Antonio_Giovinazzi
843,HAR,Brendon,Hartley,10/11/1989,New Zealander,http://en.wikipedia.org/wiki/Brendon_Hartley
844,LEC,Charles,Leclerc,16/10/1997,Monegasque,http://en.wikipedia.org/wiki/Charles_Leclerc
845,SIR,Sergey,Sirotkin,27/8/1995,Russian,http://en.wikipedia.org/wiki/Sergey_Sirotkin_(racing_driver)
846,NOR,Lando,Norris,13/11/1999,British,http://en.wikipedia.org/wiki/Lando_Norris
847,RUS,George,Russell,15/2/1998,British,http://en.wikipedia.org/wiki/George_Russell_(racing_driver)
848,ALB,Alexander,Albon,23/3/1996,Thai,http://en.wikipedia.org/wiki/Alexander_Albon
849,LAT,Nicholas,Latifi,29/6/1995,Canadian,http://en.wikipedia.org/wiki/Nicholas_Latifi
850,FIT,Pietro,Fittipaldi,25/6/1996,Brazilian,http://en.wikipedia.org/wiki/Pietro_Fittipaldi
851,AIT,Jack,Aitken,23/9/1995,British,http://en.wikipedia.org/wiki/Jack_Aitken
852,TSU,Yuki,Tsunoda,11/5/2000,Japanese,http://en.wikipedia.org/wiki/Yuki_Tsunoda
853,MAZ,Nikita,Mazepin,2/3/1999,Russian,http://en.wikipedia.org/wiki/Nikita_Mazepin
854,MSC,Mick,Schumacher,22/3/1999,German,http://en.wikipedia.org/wiki/Mick_Schumacher
855,ZHO,Guanyu,Zhou,30/5/1999,Chinese,http://en.wikipedia.org/wiki/Zhou_Guanyu
856,DEV,Nyck,de Vries,6/2/1995,Dutch,http://en.wikipedia.org/wiki/Nyck_de_Vries
857,PIA,Oscar,Piastri,6/4/2001,Australian,http://en.wikipedia.org/wiki/Oscar_Piastri
858,SAR,Logan,Sargeant,31/12/2000,American,http://en.wikipedia.org/wiki/Logan_Sargeant
859,LAW,Liam,Lawson,11/2/2002,New Zealander,http://en.wikipedia.org/wiki/Liam_Lawson
860,BEA,Oliver,Bearman,8/5/2005,British,http://en.wikipedia.org/wiki/Oliver_Bearman
